date,中国,中国,中国,日本:确诊病例:新冠肺炎:累计值,印度:确诊病例:新冠肺炎:累计值,韩国:确诊病例:新冠肺炎:累计值,新加坡:确诊病例:新冠肺炎:累计值,伊朗:确诊病例:新冠肺炎:累计值,阿联酋:确诊病例:新冠肺炎:累计值,土耳其:确诊病例:新冠肺炎:累计值,日本:死亡病例:新冠肺炎:累计值,韩国:死亡病例:新冠肺炎:累计值,印度:死亡病例:新冠肺炎:累计值,新加坡:死亡病例:新冠肺炎:累计值,阿联酋:死亡病例:新冠肺炎:累计值,伊朗:死亡病例:新冠肺炎:累计值,土耳其:死亡病例:新冠肺炎:累计值,新加坡:治愈病例:新冠肺炎:累计值,日本:治愈病例:新冠肺炎:累计值,韩国:治愈病例:新冠肺炎:累计值,阿联酋:治愈病例:新冠肺炎:累计值,印度:治愈病例:新冠肺炎:累计值,伊朗:治愈病例:新冠肺炎:累计值,土耳其:治愈病例:新冠肺炎:累计值,圣马力诺:治愈病例:新冠肺炎:累计值,德国:确诊病例:新冠肺炎:累计值,英国:确诊病例:新冠肺炎:累计值,法国:确诊病例:新冠肺炎:累计值,意大利:确诊病例:新冠肺炎:累计值,俄罗斯:确诊病例:新冠肺炎:累计值,西班牙:确诊病例:新冠肺炎:累计值,瑞典:确诊病例:新冠肺炎:累计值,芬兰:确诊病例:新冠肺炎:累计值,比利时:确诊病例:新冠肺炎:累计值,奥地利:确诊病例:新冠肺炎:累计值,克罗地亚:确诊病例:新冠肺炎:累计值,瑞士:确诊病例:新冠肺炎:累计值,希腊:确诊病例:新冠肺炎:累计值,挪威:确诊病例:新冠肺炎:累计值,北马其顿:确诊病例:新冠肺炎:累计值,罗马尼亚:确诊病例:新冠肺炎:累计值,丹麦:确诊病例:新冠肺炎:累计值,爱沙尼亚:确诊病例:新冠肺炎:累计值,荷兰:确诊病例:新冠肺炎:累计值,圣马力诺:确诊病例:新冠肺炎:累计值,立陶宛:确诊病例:新冠肺炎:累计值,白俄罗斯:确诊病例:新冠肺炎:累计值,冰岛:确诊病例:新冠肺炎:累计值,摩纳哥:确诊病例:新冠肺炎:累计值,爱尔兰:确诊病例:新冠肺炎:累计值,卢森堡:确诊病例:新冠肺炎:累计值,捷克:确诊病例:新冠肺炎:累计值,葡萄牙:确诊病例:新冠肺炎:累计值,安道尔:确诊病例:新冠肺炎:累计值,拉脱维亚:确诊病例:新冠肺炎:累计值,乌克兰:确诊病例:新冠肺炎:累计值,波兰:确诊病例:新冠肺炎:累计值,列支敦士登:确诊病例:新冠肺炎:累计值,斯洛文尼亚:确诊病例:新冠肺炎:累计值,匈牙利:确诊病例:新冠肺炎:累计值,波黑:确诊病例:新冠肺炎:累计值,塞尔维亚:确诊病例:新冠肺炎:累计值,梵蒂冈:确诊病例:新冠肺炎:累计值,保加利亚:确诊病例:新冠肺炎:累计值,马耳他:确诊病例:新冠肺炎:累计值,斯洛伐克:确诊病例:新冠肺炎:累计值,摩尔多瓦:确诊病例:新冠肺炎:累计值,阿尔巴尼亚:确诊病例:新冠肺炎:累计值,黑山:确诊病例:新冠肺炎:累计值,德国:死亡病例:新冠肺炎:累计值,英国:死亡病例:新冠肺炎:累计值,法国:死亡病例:新冠肺炎:累计值,意大利:死亡病例:新冠肺炎:累计值,俄罗斯:死亡病例:新冠肺炎:累计值,西班牙:死亡病例:新冠肺炎:累计值,瑞典:死亡病例:新冠肺炎:累计值,芬兰:死亡病例:新冠肺炎:累计值,比利时:死亡病例:新冠肺炎:累计值,奥地利:死亡病例:新冠肺炎:累计值,克罗地亚:死亡病例:新冠肺炎:累计值,瑞士:死亡病例:新冠肺炎:累计值,希腊:死亡病例:新冠肺炎:累计值,挪威:死亡病例:新冠肺炎:累计值,北马其顿:死亡病例:新冠肺炎:累计值,罗马尼亚:死亡病例:新冠肺炎:累计值,丹麦:死亡病例:新冠肺炎:累计值,爱沙尼亚:死亡病例:新冠肺炎:累计值,荷兰:死亡病例:新冠肺炎:累计值,圣马力诺:死亡病例:新冠肺炎:累计值,立陶宛:死亡病例:新冠肺炎:累计值,白俄罗斯:死亡病例:新冠肺炎:累计值,冰岛:死亡病例:新冠肺炎:累计值,摩纳哥:死亡病例:新冠肺炎:累计值,爱尔兰:死亡病例:新冠肺炎:累计值,卢森堡:死亡病例:新冠肺炎:累计值,捷克:死亡病例:新冠肺炎:累计值,葡萄牙:死亡病例:新冠肺炎:累计值,安道尔:死亡病例:新冠肺炎:累计值,拉脱维亚:死亡病例:新冠肺炎:累计值,乌克兰:死亡病例:新冠肺炎:累计值,波兰:死亡病例:新冠肺炎:累计值,列支敦士登:死亡病例:新冠肺炎:累计值,斯洛文尼亚:死亡病例:新冠肺炎:累计值,匈牙利:死亡病例:新冠肺炎:累计值,波黑:死亡病例:新冠肺炎:累计值,塞尔维亚:死亡病例:新冠肺炎:累计值,梵蒂冈:死亡病例:新冠肺炎:累计值,保加利亚:死亡病例:新冠肺炎:累计值,马耳他:死亡病例:新冠肺炎:累计值,斯洛伐克:死亡病例:新冠肺炎:累计值,摩尔多瓦:死亡病例:新冠肺炎:累计值,阿尔巴尼亚:死亡病例:新冠肺炎:累计值,黑山:死亡病例:新冠肺炎:累计值,德国:治愈病例:新冠肺炎:累计值,英国:治愈病例:新冠肺炎:累计值,法国:治愈病例:新冠肺炎:累计值,意大利:治愈病例:新冠肺炎:累计值,俄罗斯:治愈病例:新冠肺炎:累计值,西班牙:治愈病例:新冠肺炎:累计值,瑞典:治愈病例:新冠肺炎:累计值,芬兰:治愈病例:新冠肺炎:累计值,比利时:治愈病例:新冠肺炎:累计值,奥地利:治愈病例:新冠肺炎:累计值,克罗地亚:治愈病例:新冠肺炎:累计值,瑞士:治愈病例:新冠肺炎:累计值,希腊:治愈病例:新冠肺炎:累计值,挪威:治愈病例:新冠肺炎:累计值,北马其顿:治愈病例:新冠肺炎:累计值,罗马尼亚:治愈病例:新冠肺炎:累计值,丹麦:治愈病例:新冠肺炎:累计值,爱沙尼亚:治愈病例:新冠肺炎:累计值,荷兰:治愈病例:新冠肺炎:累计值,圣马力诺:治愈病例:新冠肺炎:累计值,立陶宛:治愈病例:新冠肺炎:累计值,白俄罗斯:治愈病例:新冠肺炎:累计值,冰岛:治愈病例:新冠肺炎:累计值,摩纳哥:治愈病例:新冠肺炎:累计值,爱尔兰:治愈病例:新冠肺炎:累计值,卢森堡:治愈病例:新冠肺炎:累计值,捷克:治愈病例:新冠肺炎:累计值,葡萄牙:治愈病例:新冠肺炎:累计值,安道尔:治愈病例:新冠肺炎:累计值,拉脱维亚:治愈病例:新冠肺炎:累计值,乌克兰:治愈病例:新冠肺炎:累计值,波兰:治愈病例:新冠肺炎:累计值,列支敦士登:治愈病例:新冠肺炎:累计值,斯洛文尼亚:治愈病例:新冠肺炎:累计值,匈牙利:治愈病例:新冠肺炎:累计值,波黑:治愈病例:新冠肺炎:累计值,塞尔维亚:治愈病例:新冠肺炎:累计值,梵蒂冈:治愈病例:新冠肺炎:累计值,保加利亚:治愈病例:新冠肺炎:累计值,马耳他:治愈病例:新冠肺炎:累计值,斯洛伐克:治愈病例:新冠肺炎:累计值,摩尔多瓦:治愈病例:新冠肺炎:累计值,阿尔巴尼亚:治愈病例:新冠肺炎:累计值,黑山:治愈病例:新冠肺炎:累计值,美国:确诊病例:新冠肺炎:累计值,巴西:确诊病例:新冠肺炎:累计值,加拿大:确诊病例:新冠肺炎:累计值,墨西哥:确诊病例:新冠肺炎:累计值,阿根廷:确诊病例:新冠肺炎:累计值,美国:死亡病例:新冠肺炎:累计值,巴西:死亡病例:新冠肺炎:累计值,加拿大:死亡病例:新冠肺炎:累计值,墨西哥:死亡病例:新冠肺炎:累计值,阿根廷:死亡病例:新冠肺炎:累计值,美国:治愈病例:新冠肺炎:累计值,巴西:治愈病例:新冠肺炎:累计值,加拿大:治愈病例:新冠肺炎:累计值,墨西哥:治愈病例:新冠肺炎:累计值,阿根廷:治愈病例:新冠肺炎:累计值,印度尼西亚:确诊病例:新冠肺炎:累计值,印度尼西亚:死亡病例:新冠肺炎:累计值,印度尼西亚:治愈病例:新冠肺炎:累计值,马来西亚:确诊病例:新冠肺炎:累计值,马来西亚:死亡病例:新冠肺炎:累计值,马来西亚:治愈病例:新冠肺炎:累计值,澳大利亚:确诊病例:新冠肺炎:累计值,新西兰:确诊病例:新冠肺炎:累计值,澳大利亚:死亡病例:新冠肺炎:累计值,新西兰:死亡病例:新冠肺炎:累计值,澳大利亚:治愈病例:新冠肺炎:累计值,新西兰:治愈病例:新冠肺炎:累计值
2020/1/20,291 ,,,1 ,,1 ,,,,,,,,,,,,,,,,,,,,,,,,,,,,,,,,,,,,,,,,,,,,,,,,,,,,,,,,,,,,,,,,,,,,,,,,,,,,,,,,,,,,,,,,,,,,,,,,,,,,,,,,,,,,,,,,,,,,,,,,,,,,,,,,,,,,,,,,,,,,,,,,,,,,,,,,,,,,,,,,,,,,,,,,,,,,,,,,,,
2020/1/21,440 ,9 ,,1 ,,1 ,,,,,,,,,,,,,,,,,,,,,,,,,,,,,,,,,,,,,,,,,,,,,,,,,,,,,,,,,,,,,,,,,,,,,,,,,,,,,,,,,,,,,,,,,,,,,,,,,,,,,,,,,,,,,,,,,,,,,,,,,,,,,,,,,,,,,,,,,,,,,,,,,,,,,,,,1 ,,,,,0 ,,,,,0 ,,,,,,,,,,,,,,,,
2020/1/22,571 ,17 ,28 ,1 ,,1 ,,,,,0 ,0 ,0 ,0 ,0 ,,,,,,,,,,,,,,,,,,,,,,,,,,,,,,,,,,,,,,,,,,,,,,,,,,,,,,,0 ,0 ,0 ,0 ,0 ,0 ,0 ,0 ,,,,,,,,,,,,,,,,,,,,,,,,,,,,,,,,,,,,,,,,,,,,,,,,,,,,,,,,,,,,,,,,,,,,,,,,,,,,,,,,,1 ,,,,,0 ,,0 ,,,0 ,,,,,,,,,0 ,,,,0 ,,,
2020/1/23,830 ,25 ,34 ,1 ,,1 ,1 ,,,,0 ,0 ,0 ,0 ,0 ,,,,,,,,,,,,,,,,,,,,,,,,,,,,,,,,,,,,,,,,,,,,,,,,,,,,,,,0 ,0 ,0 ,0 ,0 ,0 ,0 ,0 ,,,,,,,,,,,,,,,,,,,,,,,,,,,,,,,,,,,,,,,,,,,,,,,,,,,,,,,,,,,,,,,,,,,,,,,,,,,,,,,,,1 ,,,,,0 ,,0 ,,,0 ,,,,,,,,,0 ,,,,0 ,,,
2020/1/24,1287 ,41 ,38 ,2 ,,2 ,3 ,,,,0 ,0 ,0 ,0 ,0 ,,,,,,,,,,,,,2 ,,,,,,,,,,,,,,,,,,,,,,,,,,,,,,,,,,,,,,,,,,0 ,0 ,0 ,0 ,0 ,0 ,0 ,0 ,,,,,,,,,,,,,,,,,,,,,,,,,,,,,,,,,,,,,,,,,,,,,,,,,,,,,,,,,,,,,,,,,,,,,,,,,,,,,,,,,2 ,,,,,0 ,,0 ,,,0 ,,,,,,,,,0 ,,,,0 ,,,
2020/1/25,1975 ,56 ,49 ,2 ,,2 ,3 ,,,,0 ,0 ,0 ,0 ,0 ,,,,,,,,,,,,,3 ,,,,,,,,,,,,,,,,,,,,,,,,,,,,,,,,,,,,,,,,,,0 ,0 ,0 ,0 ,0 ,0 ,0 ,0 ,,,,,,,,,,,,,,,,,,,,,,,,,,,,,,,,,,,,,,,,,,,,,,,,,,,,,,,,,,,,,,,,,,,,,,,,,,,,,,,,,2 ,,,,,0 ,,0 ,,,0 ,,,,,,,,3 ,0 ,,1 ,,0 ,,,
2020/1/26,2744 ,80 ,51 ,3 ,,3 ,4 ,,,,0 ,0 ,0 ,0 ,0 ,,,,,,,,,,,,,3 ,,,,,,,,,,,,,,,,,,,,,,,,,,,,,,,,,,,,,,,,,,0 ,0 ,0 ,0 ,0 ,0 ,0 ,0 ,,,,,,,,,,,,,,,,,,,,,,,,,,,,,,,,,,,,,,,,,,,,,,,,,,,,,,,,,,,,,,,,,,,,,,,,,,,,,,,,,3 ,,,,,0 ,,0 ,,,0 ,,,,,,,,3 ,0 ,,4 ,,0 ,,,
2020/1/27,4515 ,106 ,60 ,4 ,,4 ,4 ,,,,0 ,0 ,0 ,0 ,0 ,,,,,,,,,,,,,3 ,,,,,,,,,,,,,,,,,,,,,,,,,,,,,,,,,,,,,,,,,,0 ,0 ,0 ,0 ,0 ,0 ,0 ,0 ,,,,,,,,,,,,,,,,,,,,,,,,,,,,,,,,,,,,,,,,,,,,,,,,,,,,,,,,,,,,,,,,,,,,,,,,,,,,,,,,,5 ,,1 ,,,0 ,,0 ,,,0 ,,,,,,,,4 ,0 ,,5 ,,0 ,,,
2020/1/28,5974 ,132 ,103 ,6 ,,4 ,7 ,,,,0 ,0 ,0 ,0 ,0 ,,,,,,,,,,,1 ,,3 ,,,,,,,,,,,,,,,,,,,,,,,,,,,,,,,,,,,,,,,,,,0 ,0 ,0 ,0 ,0 ,0 ,0 ,0 ,,,,,,,,,,,,,,,,,,,,,,,,,,,,,,,,,,,,,,,,,,,,,,,,,,,,,,,,,,,,,,,,,,,,,,,,,,,,,,,,,5 ,,2 ,,,0 ,,0 ,,,0 ,,,,,,,,4 ,0 ,,5 ,,0 ,,,
2020/1/29,7710 ,170 ,124 ,6 ,,4 ,7 ,,1 ,,0 ,0 ,0 ,0 ,0 ,,,,,,,,,,,4 ,,4 ,,,,,,,,,,,,,,,,,,,,,,,,,,,,,,,,,,,,,,,,,,0 ,0 ,0 ,0 ,0 ,0 ,0 ,0 ,,,,,,,,,,,,,,,,,,,,,,,,,,,,,,,,,,,,,,,,,,,,,,,,,,,,,,,,,,,,,,,,,,,,,,,,,,,,,,,,,5 ,,2 ,,,0 ,,0 ,,,0 ,,,,,,,,7 ,0 ,,6 ,,0 ,,,
2020/1/30,9689 ,213 ,171 ,9 ,1 ,6 ,10 ,,1 ,,0 ,0 ,0 ,0 ,0 ,,,,,,,,,,,4 ,,5 ,,,,,1 ,,,,,,,,,,,,,,,,,,,,,,,,,,,,,,,,,,,,,0 ,0 ,0 ,0 ,0 ,0 ,0 ,0 ,,,,,,,,,,,,,,,,,,,,,,,,,,,,,,,,,,,,,,,,,,,,,,,,,,,,,,,,,,,,,,,,,,,,,,,,,,,,,,,,,5 ,,3 ,,,0 ,,0 ,,,0 ,,,,,,,,8 ,0 ,,9 ,,0 ,,,
2020/1/31,11790 ,259 ,243 ,14 ,1 ,11 ,13 ,,1 ,,0 ,0 ,0 ,0 ,0 ,,,,,,,,,,,5 ,2 ,6 ,2 ,,,,1 ,,,,,,,,,,,,,,,,,,,,,,,,,,,,,,,,,,,,,0 ,0 ,0 ,0 ,0 ,0 ,0 ,0 ,,,,,,,,,,,,,,,,,,,,,,,,,,,,,,,,,,,,,,,,,,,,,,,,,,,,,,,,,,,,,,,,,,,,,,,,,,,,,,,,,6 ,,3 ,,,0 ,,0 ,,,0 ,,,,,,,,8 ,0 ,,9 ,,0 ,,,
2020/2/1,14376 ,304 ,328 ,17 ,1 ,12 ,16 ,,1 ,,0 ,0 ,0 ,0 ,0 ,,,,,,,,,,,7 ,2 ,6 ,2 ,2 ,1 ,1 ,1 ,,,,,,,,,,,,,,,,,,,,,,,,,,,,,,,,,,,,,0 ,0 ,0 ,0 ,0 ,0 ,0 ,0 ,,,,,,,,,,,,,,,,,,,,,,,,,,,,,,,,,,,,,,,,,,,0 ,,,,,,,,,,,,,,,,,,,,,,,,,,,,,,,,,,,,,,7 ,,3 ,,,0 ,,0 ,,,0 ,,,,,,,,8 ,0 ,,12 ,,0 ,,,
2020/2/2,17203 ,361 ,475 ,20 ,2 ,15 ,18 ,,5 ,,0 ,0 ,0 ,0 ,0 ,,,,,,,,,,,8 ,2 ,6 ,2 ,2 ,1 ,1 ,1 ,,,,,,,,,,,,,,,,,,,,,,,,,,,,,,,,,,,,,0 ,0 ,0 ,0 ,0 ,0 ,0 ,0 ,,,,,,,,,,,,,,,,,,,,,,,,,,,,,,,,,,,,,,,,,,,0 ,,,,,,,,,,,,,,,,,,,,,,,,,,,,,,,,,,,,,,8 ,,4 ,,,0 ,,0 ,,,0 ,,,,,,,,8 ,0 ,,12 ,,0 ,,,
2020/2/3,20437 ,425 ,630 ,20 ,3 ,15 ,18 ,,5 ,,0 ,0 ,0 ,0 ,0 ,,,,,,,,,,,8 ,2 ,6 ,2 ,2 ,1 ,1 ,1 ,,,,,,,,,,,,,,,,,,,,,,,,,,,,,,,,,,,,,0 ,0 ,0 ,0 ,0 ,0 ,0 ,0 ,,,,,,,,,,,,,,,,,,,,,,,,,,,,,,,,,,,,,,,,,,,0 ,,,,,,,,,,,,,,,,,,,,,,,,,,,,,,,,,,,,,,11 ,,4 ,,,0 ,,0 ,,,0 ,,,,,,,,8 ,0 ,,12 ,,0 ,,,
2020/2/4,24324 ,490 ,892 ,20 ,3 ,16 ,24 ,,5 ,,0 ,0 ,0 ,0 ,0 ,,,0 ,1 ,1 ,0 ,0 ,,,,12 ,2 ,6 ,2 ,2 ,1 ,1 ,1 ,1 ,,,,,,,,,,,,,,,,,,,,,,,,,,,,,,,,,,,,0 ,0 ,0 ,0 ,0 ,0 ,0 ,0 ,0 ,,,,,,,,,,,,,,,,,,,,,,,,,,,,,,,,,,,,0 ,0 ,0 ,0 ,0 ,0 ,0 ,0 ,0 ,,,,,,,,,,,,,,,,,,,,,,,,,,,,,,,,,,,,11 ,,4 ,,,0 ,,0 ,,,0 ,,2 ,,,,,,10 ,0 ,0 ,13 ,,0 ,,3 ,
2020/2/5,28018 ,563 ,1153 ,33 ,3 ,18 ,28 ,,5 ,,0 ,0 ,0 ,0 ,0 ,,,1 ,1 ,1 ,0 ,0 ,,,,12 ,2 ,6 ,2 ,2 ,1 ,1 ,1 ,1 ,,,,,,,,,,,,,,,,,,,,,,,,,,,,,,,,,,,,0 ,0 ,0 ,0 ,0 ,0 ,0 ,0 ,0 ,,,,,,,,,,,,,,,,,,,,,,,,,,,,,,,,,,,,0 ,0 ,0 ,0 ,0 ,0 ,0 ,0 ,0 ,,,,,,,,,,,,,,,,,,,,,,,,,,,,,,,,,,,,11 ,,5 ,,,0 ,,0 ,,,0 ,,2 ,,,,,,12 ,0 ,0 ,13 ,,0 ,,3 ,
2020/2/6,31147 ,636 ,1540 ,45 ,3 ,23 ,30 ,,5 ,,0 ,0 ,0 ,0 ,0 ,,,1 ,1 ,1 ,0 ,0 ,,,,12 ,2 ,6 ,2 ,2 ,1 ,1 ,1 ,1 ,,,,,,,,,,,,,,,,,,,,,,,,,,,,,,,,,,,,0 ,0 ,0 ,0 ,0 ,0 ,0 ,0 ,0 ,,,,,,,,,,,,,,,,,,,,,,,,,,,,,,,,,,,,0 ,0 ,0 ,0 ,0 ,0 ,0 ,1 ,0 ,,,,,,,,,,,,,,,,,,,,,,,,,,,,,,,,,,,,12 ,,5 ,,,0 ,,0 ,,,0 ,,2 ,,,,,,14 ,0 ,1 ,14 ,,0 ,,3 ,
2020/2/7,34542 ,722 ,2049 ,86 ,3 ,24 ,33 ,,5 ,,0 ,0 ,0 ,0 ,0 ,,,1 ,1 ,1 ,0 ,0 ,,,,13 ,3 ,6 ,3 ,2 ,1 ,1 ,1 ,1 ,,,,,,,,,,,,,,,,,,,,,,,,,,,,,,,,,,,,0 ,0 ,0 ,0 ,0 ,0 ,0 ,0 ,0 ,,,,,,,,,,,,,,,,,,,,,,,,,,,,,,,,,,,,0 ,0 ,0 ,0 ,0 ,0 ,0 ,1 ,0 ,,,,,,,,,,,,,,,,,,,,,,,,,,,,,,,,,,,,12 ,,5 ,,,0 ,,0 ,,,0 ,,2 ,,,,,,15 ,0 ,1 ,15 ,,0 ,,5 ,
2020/2/8,37109 ,811 ,2649 ,89 ,3 ,24 ,40 ,,7 ,,0 ,0 ,0 ,0 ,0 ,,,2 ,1 ,2 ,0 ,0 ,,,,13 ,3 ,11 ,3 ,2 ,1 ,1 ,1 ,1 ,,,,,,,,,,,,,,,,,,,,,,,,,,,,,,,,,,,,0 ,0 ,0 ,0 ,0 ,0 ,0 ,0 ,0 ,,,,,,,,,,,,,,,,,,,,,,,,,,,,,,,,,,,,0 ,0 ,0 ,0 ,0 ,0 ,0 ,1 ,0 ,,,,,,,,,,,,,,,,,,,,,,,,,,,,,,,,,,,,12 ,,5 ,,,0 ,,0 ,,,0 ,,2 ,,,,,,16 ,0 ,1 ,15 ,,0 ,,5 ,
2020/2/9,40158 ,908 ,3280 ,89 ,3 ,25 ,43 ,,7 ,,0 ,0 ,0 ,0 ,0 ,,,2 ,1 ,2 ,0 ,0 ,,,,14 ,3 ,11 ,3 ,2 ,1 ,1 ,1 ,1 ,,,,,,,,,,,,,,,,,,,,,,,,,,,,,,,,,,,,0 ,0 ,0 ,0 ,0 ,0 ,0 ,0 ,0 ,,,,,,,,,,,,,,,,,,,,,,,,,,,,,,,,,,,,0 ,0 ,0 ,0 ,0 ,0 ,0 ,1 ,0 ,,,,,,,,,,,,,,,,,,,,,,,,,,,,,,,,,,,,12 ,,7 ,,,0 ,,0 ,,,0 ,,2 ,,,,,,17 ,0 ,2 ,15 ,,0 ,,5 ,
2020/2/10,42638 ,1016 ,3996 ,161 ,3 ,27 ,45 ,,7 ,,0 ,0 ,0 ,0 ,0 ,,,6 ,1 ,3 ,1 ,0 ,,,,14 ,4 ,11 ,3 ,2 ,2 ,1 ,1 ,1 ,,,,,,,,,,,,,,,,,,,,,,,,,,,,,,,,,,,,0 ,0 ,0 ,0 ,0 ,0 ,0 ,0 ,0 ,,,,,,,,,,,,,,,,,,,,,,,,,,,,,,,,,,,,0 ,0 ,0 ,0 ,0 ,0 ,0 ,1 ,0 ,,,,,,,,,,,,,,,,,,,,,,,,,,,,,,,,,,,,12 ,,7 ,,,0 ,,0 ,,,0 ,,2 ,,,,,,18 ,0 ,2 ,15 ,,0 ,,5 ,
2020/2/11,44653 ,1113 ,4740 ,163 ,3 ,28 ,47 ,,8 ,,0 ,0 ,0 ,0 ,0 ,,,7 ,9 ,4 ,1 ,0 ,,,,14 ,8 ,11 ,3 ,2 ,2 ,1 ,1 ,1 ,,,,,,,,,,,,,,,,,,,,,,,,,,,,,,,,,,,,0 ,0 ,0 ,0 ,0 ,0 ,0 ,0 ,0 ,,,,,,,,,,,,,,,,,,,,,,,,,,,,,,,,,,,,0 ,0 ,0 ,0 ,0 ,0 ,0 ,1 ,0 ,,,,,,,,,,,,,,,,,,,,,,,,,,,,,,,,,,,,13 ,,7 ,,,0 ,,0 ,,,0 ,,2 ,,,,,,18 ,0 ,3 ,15 ,,0 ,,5 ,
2020/2/12,58761 ,1259 ,5642 ,202 ,3 ,28 ,50 ,,8 ,,0 ,0 ,0 ,0 ,0 ,,,9 ,9 ,4 ,1 ,0 ,,,,16 ,8 ,11 ,3 ,2 ,2 ,1 ,1 ,1 ,,,,,,,,,,,,,,,,,,,,,,,,,,,,,,,,,,,,0 ,0 ,0 ,0 ,0 ,0 ,0 ,0 ,0 ,,,,,,,,,,,,,,,,,,,,,,,,,,,,,,,,,,,,0 ,0 ,0 ,0 ,1 ,0 ,0 ,1 ,0 ,,,,,,,,,,,,,,,,,,,,,,,,,,,,,,,,,,,,13 ,,7 ,,,0 ,,0 ,,,0 ,,2 ,,,,,,18 ,0 ,3 ,15 ,,0 ,,5 ,
2020/2/13,63851 ,1380 ,6723 ,247 ,3 ,28 ,58 ,,8 ,,1 ,0 ,0 ,0 ,0 ,,,15 ,10 ,7 ,1 ,0 ,,,,16 ,9 ,11 ,3 ,2 ,2 ,1 ,1 ,1 ,,,,,,,,,,,,,,,,,,,,,,,,,,,,,,,,,,,,0 ,0 ,0 ,0 ,0 ,0 ,0 ,0 ,0 ,,,,,,,,,,,,,,,,,,,,,,,,,,,,,,,,,,,,0 ,1 ,0 ,0 ,2 ,0 ,0 ,1 ,0 ,,,,,,,,,,,,,,,,,,,,,,,,,,,,,,,,,,,,14 ,,7 ,,,0 ,,0 ,,,3 ,,2 ,,,,,,19 ,0 ,3 ,15 ,,0 ,,5 ,
2020/2/14,66491 ,1523 ,8096 ,259 ,3 ,28 ,67 ,,8 ,,1 ,0 ,0 ,0 ,0 ,,,17 ,11 ,7 ,3 ,1 ,,,,16 ,9 ,11 ,3 ,2 ,2 ,1 ,1 ,1 ,,,,,,,,,,,,,,,,,,,,,,,,,,,,,,,,,,,,0 ,0 ,1 ,0 ,0 ,0 ,0 ,0 ,0 ,,,,,,,,,,,,,,,,,,,,,,,,,,,,,,,,,,,,1 ,1 ,0 ,0 ,2 ,0 ,0 ,1 ,0 ,,,,,,,,,,,,,,,,,,,,,,,,,,,,,,,,,,,,15 ,,7 ,,,0 ,,0 ,,,3 ,,2 ,,,,,,19 ,0 ,7 ,15 ,,0 ,,6 ,
2020/2/15,68500 ,1665 ,9419 ,337 ,3 ,28 ,72 ,,8 ,,1 ,0 ,0 ,0 ,0 ,,,18 ,12 ,9 ,4 ,3 ,,,,16 ,9 ,12 ,3 ,2 ,2 ,1 ,1 ,1 ,,,,,,,,,,,,,,,,,,,,,,,,,,,,,,,,,,,,0 ,0 ,1 ,0 ,0 ,0 ,0 ,0 ,0 ,,,,,,,,,,,,,,,,,,,,,,,,,,,,,,,,,,,,1 ,8 ,4 ,0 ,2 ,2 ,0 ,1 ,1 ,,,,,,,,,,,,,,,,,,,,,,,,,,,,,,,,,,,,15 ,,7 ,,,0 ,,0 ,,,3 ,,2 ,,,,,,22 ,0 ,7 ,15 ,,0 ,,6 ,
2020/2/16,70550 ,1770 ,10851 ,414 ,3 ,29 ,75 ,,9 ,,1 ,0 ,0 ,0 ,0 ,,,19 ,12 ,9 ,4 ,3 ,,,,16 ,9 ,12 ,3 ,2 ,2 ,1 ,1 ,1 ,,,,,,,,,,,,,,,,,,,,,,,,,,,,,,,,,,,,0 ,0 ,1 ,0 ,0 ,0 ,0 ,0 ,0 ,,,,,,,,,,,,,,,,,,,,,,,,,,,,,,,,,,,,3 ,8 ,4 ,0 ,2 ,2 ,0 ,1 ,1 ,,,,,,,,,,,,,,,,,,,,,,,,,,,,,,,,,,,,15 ,,8 ,,,0 ,,0 ,,,3 ,,2 ,,,,,,22 ,0 ,8 ,15 ,,0 ,,8 ,
2020/2/17,72436 ,1868 ,12552 ,520 ,3 ,30 ,77 ,,9 ,,1 ,0 ,0 ,0 ,0 ,,,24 ,13 ,10 ,4 ,3 ,,,,16 ,9 ,12 ,3 ,2 ,2 ,1 ,1 ,1 ,,,,,,,,,,,,,,,,,,,,,,,,,,,,,,,,,,,,0 ,0 ,1 ,0 ,0 ,0 ,0 ,0 ,0 ,,,,,,,,,,,,,,,,,,,,,,,,,,,,,,,,,,,,7 ,8 ,4 ,0 ,2 ,2 ,0 ,1 ,1 ,,,,,,,,,,,,,,,,,,,,,,,,,,,,,,,,,,,,15 ,,8 ,,,0 ,,0 ,,,3 ,,2 ,,,,,,22 ,0 ,9 ,15 ,,0 ,,8 ,
2020/2/18,74185 ,2004 ,14376 ,616 ,3 ,31 ,81 ,,9 ,,1 ,0 ,0 ,0 ,0 ,,,29 ,13 ,10 ,4 ,3 ,,,,16 ,9 ,12 ,3 ,2 ,2 ,1 ,1 ,1 ,,,,,,,,,,,,,,,,,,,,,,,,,,,,,,,,,,,,0 ,0 ,1 ,0 ,0 ,0 ,0 ,0 ,0 ,,,,,,,,,,,,,,,,,,,,,,,,,,,,,,,,,,,,9 ,8 ,7 ,0 ,2 ,2 ,0 ,1 ,1 ,,,,,,,,,,,,,,,,,,,,,,,,,,,,,,,,,,,,15 ,,8 ,,,0 ,,0 ,,,3 ,,2 ,,,,,,22 ,0 ,13 ,15 ,,0 ,,8 ,
2020/2/19,75002 ,2118 ,16157 ,705 ,3 ,51 ,84 ,2 ,9 ,,1 ,0 ,0 ,0 ,0 ,0 ,,34 ,20 ,16 ,4 ,3 ,0 ,,,16 ,9 ,12 ,3 ,2 ,2 ,1 ,1 ,1 ,,,,,,,,,,,,,,,,,,,,,,,,,,,,,,,,,,,,0 ,0 ,1 ,0 ,0 ,0 ,0 ,0 ,0 ,,,,,,,,,,,,,,,,,,,,,,,,,,,,,,,,,,,,13 ,8 ,7 ,0 ,2 ,2 ,0 ,1 ,1 ,,,,,,,,,,,,,,,,,,,,,,,,,,,,,,,,,,,,15 ,,8 ,,,0 ,,0 ,,,3 ,,2 ,,,,,,22 ,0 ,15 ,15 ,,0 ,,8 ,
2020/2/20,75891 ,2236 ,18266 ,728 ,3 ,106 ,85 ,5 ,9 ,,3 ,1 ,0 ,0 ,0 ,2 ,,37 ,22 ,16 ,4 ,3 ,0 ,,,16 ,9 ,12 ,3 ,2 ,2 ,1 ,1 ,1 ,,,,,,,,,,,,,,,,,,,,,,,,,,,,,,,,,,,,0 ,0 ,1 ,0 ,0 ,0 ,0 ,0 ,0 ,,,,,,,,,,,,,,,,,,,,,,,,,,,,,,,,,,,,13 ,8 ,10 ,0 ,2 ,2 ,0 ,1 ,1 ,,,,,,,,,,,,,,,,,,,,,,,,,,,,,,,,,,,,15 ,,8 ,,,0 ,,0 ,,,3 ,,3 ,,,,,,22 ,0 ,17 ,15 ,,0 ,,10 ,
2020/2/21,76288 ,2345 ,20658 ,743 ,3 ,204 ,86 ,18 ,11 ,,3 ,2 ,0 ,0 ,0 ,4 ,,47 ,22 ,17 ,4 ,3 ,0 ,,,16 ,9 ,12 ,20 ,2 ,2 ,1 ,1 ,1 ,,,,,,,,,,,,,,,,,,,,,,,,,,,,,,,,,,,,0 ,0 ,1 ,1 ,0 ,0 ,0 ,0 ,0 ,,,,,,,,,,,,,,,,,,,,,,,,,,,,,,,,,,,,14 ,8 ,10 ,0 ,2 ,2 ,0 ,1 ,1 ,,,,,,,,,,,,,,,,,,,,,,,,,,,,,,,,,,,,35 ,,9 ,,,0 ,,0 ,,,3 ,,4 ,,,,,,22 ,0 ,17 ,17 ,,0 ,,10 ,
2020/2/22,76741 ,2442 ,22888 ,769 ,3 ,433 ,89 ,28 ,13 ,,3 ,2 ,0 ,0 ,0 ,5 ,,49 ,23 ,18 ,4 ,3 ,0 ,,,16 ,9 ,12 ,79 ,2 ,2 ,1 ,1 ,1 ,,,,,,,,,,,,,,,,,,,,,,,,,,,,,,,,,,,,0 ,0 ,1 ,2 ,0 ,0 ,0 ,0 ,0 ,,,,,,,,,,,,,,,,,,,,,,,,,,,,,,,,,,,,14 ,8 ,10 ,0 ,2 ,2 ,0 ,1 ,1 ,,,,,,,,,,,,,,,,,,,,,,,,,,,,,,,,,,,,35 ,,10 ,,,0 ,,0 ,,,3 ,,4 ,,,,,,22 ,0 ,17 ,21 ,,0 ,,10 ,
2020/2/23,77150 ,2592 ,24734 ,838 ,3 ,602 ,89 ,43 ,13 ,,4 ,6 ,0 ,0 ,0 ,8 ,,51 ,24 ,18 ,4 ,3 ,0 ,,,16 ,13 ,12 ,157 ,2 ,2 ,1 ,1 ,1 ,,,,,,,,,,,,,,,,,,,,,,,,,,,,,,,,,,,,0 ,0 ,1 ,3 ,0 ,0 ,0 ,0 ,0 ,,,,,,,,,,,,,,,,,,,,,,,,,,,,,,,,,,,,14 ,8 ,10 ,0 ,2 ,2 ,0 ,1 ,1 ,,,,,,,,,,,,,,,,,,,,,,,,,,,,,,,,,,,,35 ,,10 ,,,0 ,,0 ,,,3 ,,4 ,,,,,,22 ,0 ,18 ,22 ,,0 ,,10 ,
2020/2/24,77658 ,2663 ,27323 ,851 ,3 ,833 ,90 ,61 ,13 ,,4 ,8 ,0 ,0 ,0 ,12 ,,53 ,24 ,22 ,4 ,3 ,3 ,,,16 ,13 ,12 ,229 ,2 ,3 ,1 ,1 ,1 ,,,,,,,,,,,,,,,,,,,,,,,,,,,,,,,,,,,,0 ,0 ,1 ,7 ,0 ,0 ,0 ,0 ,0 ,,,,,,,,,,,,,,,,,,,,,,,,,,,,,,,,,,,,14 ,8 ,11 ,1 ,2 ,2 ,0 ,1 ,1 ,,,,,,,,,,,,,,,,,,,,,,,,,,,,,,,,,,,,53 ,,11 ,,,0 ,,0 ,,,3 ,,4 ,,,,,,22 ,0 ,18 ,22 ,,0 ,,10 ,
2020/2/25,78064 ,2715 ,29745 ,862 ,3 ,977 ,91 ,95 ,13 ,,6 ,10 ,0 ,0 ,0 ,16 ,,58 ,32 ,22 ,4 ,3 ,3 ,,,18 ,13 ,14 ,323 ,2 ,7 ,1 ,1 ,1 ,2 ,1 ,1 ,,,,,,,,,,,,,,,,,,,,,,,,,,,,,,,,,0 ,0 ,1 ,10 ,0 ,0 ,0 ,0 ,0 ,0 ,0 ,0 ,,,,,,,,,,,,,,,,,,,,,,,,,,,,,,,,,15 ,8 ,11 ,1 ,2 ,2 ,0 ,1 ,1 ,0 ,0 ,0 ,,,,,,,,,,,,,,,,,,,,,,,,,,,,,,,,,57 ,,11 ,,,0 ,,0 ,,,3 ,,4 ,,,,,,22 ,0 ,20 ,22 ,,0 ,,15 ,
2020/2/26,78497 ,2744 ,32495 ,894 ,3 ,1261 ,93 ,139 ,13 ,,7 ,12 ,0 ,0 ,0 ,19 ,,62 ,32 ,24 ,4 ,3 ,3 ,,,27 ,13 ,18 ,470 ,2 ,13 ,2 ,2 ,1 ,2 ,3 ,1 ,1 ,1 ,1 ,1 ,,,,,,,,,,,,,,,,,,,,,,,,,,,,,0 ,0 ,2 ,12 ,0 ,0 ,0 ,0 ,0 ,0 ,0 ,0 ,0 ,0 ,0 ,0 ,,,,,,,,,,,,,,,,,,,,,,,,,,,,,15 ,8 ,11 ,3 ,2 ,2 ,0 ,1 ,1 ,0 ,0 ,0 ,0 ,0 ,0 ,0 ,,,,,,,,,,,,,,,,,,,,,,,,,,,,,60 ,1 ,12 ,,,0 ,0 ,0 ,,,3 ,0 ,4 ,,,,,,22 ,0 ,20 ,23 ,,0 ,,15 ,
2020/2/27,78824 ,2788 ,36117 ,919 ,3 ,1766 ,96 ,245 ,19 ,,8 ,13 ,0 ,0 ,0 ,26 ,,66 ,41 ,24 ,5 ,3 ,49 ,,0 ,48 ,16 ,38 ,655 ,5 ,25 ,3 ,2 ,1 ,5 ,3 ,8 ,3 ,4 ,1 ,1 ,1 ,1 ,1 ,1 ,1 ,1 ,,,,,,,,,,,,,,,,,,,,,,,0 ,0 ,2 ,17 ,0 ,0 ,0 ,0 ,0 ,0 ,0 ,0 ,0 ,0 ,0 ,0 ,0 ,0 ,0 ,0 ,0 ,0 ,,,,,,,,,,,,,,,,,,,,,,,16 ,8 ,11 ,45 ,2 ,2 ,0 ,1 ,1 ,0 ,0 ,0 ,0 ,0 ,0 ,0 ,0 ,0 ,0 ,0 ,0 ,0 ,,,,,,,,,,,,,,,,,,,,,,,61 ,1 ,14 ,,,0 ,0 ,0 ,,,3 ,0 ,4 ,,,,,,22 ,0 ,20 ,23 ,,0 ,,15 ,
2020/2/28,79251 ,2835 ,39002 ,938 ,3 ,2337 ,98 ,388 ,21 ,,11 ,16 ,0 ,0 ,0 ,34 ,,69 ,41 ,27 ,5 ,3 ,54 ,,0 ,62 ,20 ,57 ,888 ,5 ,41 ,11 ,2 ,1 ,6 ,5 ,15 ,4 ,6 ,1 ,3 ,2 ,1 ,2 ,1 ,1 ,1 ,1 ,1 ,,,,,,,,,,,,,,,,,,,,,0 ,0 ,2 ,21 ,0 ,0 ,0 ,0 ,0 ,0 ,0 ,0 ,0 ,0 ,0 ,0 ,0 ,0 ,0 ,0 ,0 ,0 ,0 ,0 ,,,,,,,,,,,,,,,,,,,,,16 ,8 ,12 ,46 ,2 ,2 ,0 ,1 ,1 ,0 ,0 ,0 ,0 ,0 ,0 ,0 ,0 ,0 ,0 ,0 ,0 ,0 ,0 ,0 ,,,,,,,,,,,,,,,,,,,,,67 ,1 ,16 ,3 ,,0 ,0 ,0 ,0 ,,7 ,0 ,4 ,0 ,,,,,25 ,0 ,22 ,24 ,1 ,0 ,0 ,15 ,0 
2020/2/29,79824 ,2870 ,41625 ,947 ,3 ,3526 ,102 ,593 ,21 ,,11 ,17 ,0 ,0 ,0 ,43 ,,72 ,42 ,28 ,5 ,3 ,123 ,,0 ,115 ,23 ,100 ,1128 ,5 ,58 ,14 ,3 ,1 ,10 ,6 ,24 ,7 ,15 ,1 ,3 ,3 ,1 ,7 ,1 ,1 ,1 ,1 ,1 ,1 ,1 ,,,,,,,,,,,,,,,,,,,0 ,0 ,2 ,29 ,0 ,0 ,0 ,0 ,0 ,0 ,0 ,0 ,0 ,0 ,0 ,0 ,0 ,0 ,0 ,0 ,0 ,0 ,0 ,0 ,0 ,0 ,,,,,,,,,,,,,,,,,,,16 ,8 ,12 ,50 ,2 ,2 ,0 ,1 ,1 ,0 ,0 ,0 ,0 ,0 ,0 ,1 ,0 ,0 ,0 ,0 ,0 ,0 ,0 ,0 ,0 ,0 ,,,,,,,,,,,,,,,,,,,72 ,2 ,20 ,4 ,,1 ,0 ,0 ,0 ,,7 ,0 ,4 ,0 ,,,,,25 ,0 ,22 ,25 ,1 ,0 ,0 ,15 ,0 
2020/3/1,80026 ,2912 ,44462 ,961 ,3 ,4212 ,106 ,978 ,21 ,,12 ,22 ,0 ,0 ,0 ,54 ,,74 ,42 ,31 ,5 ,3 ,175 ,,0 ,140 ,36 ,130 ,1713 ,5 ,97 ,14 ,6 ,2 ,14 ,7 ,27 ,7 ,19 ,1 ,3 ,4 ,1 ,10 ,8 ,1 ,1 ,1 ,1 ,1 ,1 ,,,,,,,,,,,,,,,,,,,0 ,0 ,2 ,34 ,0 ,0 ,0 ,0 ,0 ,0 ,0 ,0 ,0 ,0 ,0 ,0 ,0 ,0 ,0 ,1 ,0 ,0 ,0 ,0 ,0 ,0 ,,,,,,,,,,,,,,,,,,,16 ,8 ,12 ,83 ,2 ,2 ,0 ,1 ,1 ,0 ,0 ,1 ,0 ,0 ,0 ,1 ,0 ,0 ,0 ,0 ,0 ,0 ,0 ,0 ,0 ,0 ,,,,,,,,,,,,,,,,,,,92 ,2 ,24 ,5 ,,2 ,0 ,0 ,0 ,,9 ,0 ,4 ,0 ,,,,,29 ,0 ,22 ,28 ,1 ,1 ,0 ,15 ,0 
2020/3/2,80151 ,2943 ,47204 ,980 ,5 ,4812 ,108 ,1501 ,21 ,,12 ,28 ,0 ,0 ,0 ,66 ,,78 ,43 ,34 ,5 ,3 ,291 ,,0 ,181 ,40 ,191 ,2084 ,6 ,124 ,19 ,7 ,8 ,18 ,8 ,38 ,7 ,24 ,1 ,3 ,4 ,1 ,18 ,8 ,1 ,3 ,6 ,1 ,1 ,1 ,4 ,2 ,1 ,1 ,,,,,,,,,,,,,,,0 ,0 ,3 ,52 ,0 ,0 ,0 ,0 ,0 ,0 ,0 ,0 ,0 ,0 ,0 ,0 ,0 ,0 ,0 ,1 ,0 ,0 ,0 ,0 ,0 ,0 ,0 ,0 ,0 ,0 ,,,,,,,,,,,,,,,16 ,8 ,12 ,149 ,2 ,3 ,0 ,1 ,1 ,0 ,0 ,1 ,0 ,0 ,0 ,1 ,0 ,0 ,0 ,0 ,0 ,0 ,0 ,0 ,0 ,0 ,0 ,0 ,0 ,0 ,,,,,,,,,,,,,,,110 ,2 ,27 ,5 ,,6 ,0 ,0 ,0 ,,9 ,0 ,4 ,1 ,,2 ,0 ,0 ,29 ,0 ,22 ,33 ,1 ,1 ,0 ,15 ,0 
2020/3/3,80270 ,2981 ,49856 ,999 ,6 ,5328 ,110 ,2336 ,27 ,,12 ,32 ,0 ,0 ,0 ,77 ,,78 ,46 ,41 ,5 ,3 ,435 ,,0 ,219 ,51 ,212 ,2546 ,6 ,165 ,32 ,7 ,15 ,24 ,9 ,58 ,7 ,32 ,1 ,4 ,10 ,2 ,23 ,10 ,1 ,4 ,9 ,1 ,2 ,1 ,5 ,4 ,1 ,1 ,1 ,,1 ,,,,,,,,,,,,0 ,0 ,4 ,79 ,0 ,1 ,0 ,0 ,0 ,0 ,0 ,0 ,0 ,0 ,0 ,0 ,0 ,0 ,0 ,1 ,0 ,0 ,0 ,0 ,0 ,0 ,0 ,0 ,0 ,0 ,0 ,,0 ,,,,,,,,,,,,16 ,8 ,12 ,160 ,2 ,3 ,0 ,1 ,1 ,0 ,0 ,2 ,0 ,0 ,0 ,1 ,0 ,0 ,0 ,0 ,0 ,0 ,0 ,0 ,0 ,0 ,0 ,0 ,0 ,0 ,0 ,,0 ,,,,,,,,,,,,133 ,2 ,33 ,5 ,1 ,9 ,0 ,0 ,0 ,0 ,9 ,0 ,4 ,1 ,0 ,2 ,0 ,0 ,36 ,0 ,22 ,40 ,1 ,1 ,0 ,21 ,0 
2020/3/4,80409 ,3012 ,52045 ,1035 ,29 ,5766 ,112 ,2922 ,27 ,,12 ,35 ,0 ,0 ,0 ,92 ,,79 ,229 ,88 ,5 ,3 ,552 ,,0 ,344 ,87 ,285 ,3144 ,6 ,228 ,61 ,7 ,23 ,29 ,10 ,93 ,9 ,63 ,1 ,6 ,15 ,2 ,38 ,16 ,1 ,6 ,20 ,1 ,6 ,1 ,8 ,6 ,1 ,1 ,1 ,1 ,1 ,1 ,2 ,,,,,,,,,,0 ,0 ,4 ,107 ,0 ,2 ,0 ,0 ,0 ,0 ,0 ,0 ,0 ,0 ,0 ,0 ,0 ,0 ,0 ,1 ,0 ,0 ,0 ,0 ,0 ,0 ,0 ,0 ,0 ,0 ,0 ,0 ,0 ,0 ,0 ,,,,,,,,,,16 ,8 ,12 ,276 ,2 ,3 ,0 ,1 ,1 ,0 ,0 ,3 ,0 ,0 ,0 ,1 ,0 ,0 ,0 ,0 ,0 ,0 ,0 ,0 ,0 ,0 ,0 ,0 ,0 ,0 ,0 ,0 ,0 ,0 ,0 ,,,,,,,,,,165 ,3 ,34 ,5 ,1 ,11 ,0 ,0 ,0 ,0 ,9 ,0 ,4 ,1 ,0 ,2 ,0 ,0 ,50 ,0 ,22 ,50 ,2 ,2 ,0 ,21 ,0 
2020/3/5,80552 ,3042 ,53726 ,1056 ,30 ,6284 ,117 ,3513 ,30 ,,12 ,42 ,0 ,0 ,0 ,108 ,,81 ,248 ,108 ,5 ,3 ,739 ,,0 ,545 ,116 ,423 ,3927 ,7 ,282 ,86 ,12 ,50 ,44 ,10 ,116 ,31 ,93 ,1 ,6 ,20 ,5 ,82 ,22 ,1 ,6 ,26 ,1 ,13 ,2 ,12 ,9 ,1 ,1 ,1 ,1 ,1 ,3 ,4 ,2 ,,,,,,,,,0 ,1 ,6 ,148 ,0 ,3 ,0 ,0 ,0 ,0 ,0 ,1 ,0 ,0 ,0 ,0 ,0 ,0 ,0 ,1 ,0 ,0 ,0 ,0 ,0 ,0 ,0 ,0 ,0 ,0 ,0 ,0 ,0 ,0 ,0 ,0 ,,,,,,,,,16 ,18 ,12 ,414 ,2 ,4 ,0 ,1 ,1 ,0 ,0 ,3 ,0 ,0 ,0 ,1 ,1 ,0 ,0 ,0 ,0 ,0 ,0 ,0 ,0 ,0 ,0 ,0 ,0 ,0 ,0 ,0 ,0 ,0 ,0 ,0 ,,,,,,,,,239 ,8 ,47 ,5 ,2 ,14 ,0 ,0 ,0 ,0 ,9 ,0 ,5 ,1 ,0 ,2 ,0 ,0 ,55 ,0 ,22 ,53 ,3 ,2 ,0 ,22 ,0 
2020/3/6,80651 ,3070 ,55404 ,1113 ,31 ,6767 ,130 ,4747 ,45 ,,12 ,44 ,0 ,0 ,0 ,124 ,,82 ,311 ,118 ,7 ,3 ,913 ,,0 ,688 ,165 ,613 ,4680 ,13 ,402 ,146 ,15 ,109 ,66 ,11 ,210 ,45 ,130 ,3 ,9 ,25 ,10 ,128 ,24 ,1 ,6 ,35 ,1 ,18 ,3 ,19 ,13 ,1 ,1 ,1 ,1 ,1 ,6 ,4 ,3 ,1 ,1 ,,,1 ,,,,0 ,2 ,9 ,197 ,0 ,8 ,0 ,0 ,0 ,0 ,0 ,1 ,0 ,0 ,0 ,0 ,0 ,0 ,1 ,1 ,0 ,0 ,0 ,0 ,0 ,0 ,0 ,0 ,0 ,0 ,0 ,0 ,0 ,0 ,0 ,0 ,0 ,0 ,,,0 ,,,,18 ,18 ,12 ,523 ,2 ,6 ,0 ,1 ,1 ,2 ,0 ,3 ,0 ,0 ,0 ,3 ,1 ,0 ,0 ,0 ,0 ,0 ,0 ,0 ,0 ,0 ,0 ,0 ,0 ,0 ,0 ,0 ,0 ,0 ,0 ,0 ,0 ,0 ,,,0 ,,,,350 ,13 ,54 ,6 ,8 ,17 ,0 ,0 ,0 ,0 ,15 ,0 ,5 ,1 ,0 ,4 ,0 ,0 ,83 ,0 ,23 ,63 ,4 ,2 ,0 ,22 ,0 
2020/3/7,80695 ,3097 ,57065 ,1157 ,34 ,7134 ,138 ,5823 ,45 ,,13 ,50 ,0 ,0 ,0 ,145 ,,90 ,321 ,130 ,7 ,3 ,1669 ,,0 ,836 ,210 ,949 ,6012 ,17 ,516 ,179 ,19 ,169 ,79 ,12 ,264 ,66 ,157 ,3 ,13 ,29 ,10 ,188 ,27 ,1 ,6 ,45 ,1 ,19 ,3 ,26 ,21 ,1 ,1 ,1 ,6 ,1 ,12 ,5 ,3 ,1 ,1 ,,3 ,3 ,1 ,,,0 ,2 ,16 ,233 ,0 ,10 ,0 ,0 ,0 ,0 ,0 ,1 ,0 ,0 ,0 ,0 ,0 ,0 ,1 ,1 ,0 ,0 ,0 ,0 ,0 ,0 ,0 ,0 ,0 ,0 ,0 ,0 ,0 ,0 ,0 ,0 ,0 ,0 ,,0 ,0 ,0 ,,,18 ,18 ,12 ,589 ,3 ,30 ,0 ,1 ,1 ,2 ,0 ,3 ,0 ,0 ,0 ,4 ,1 ,0 ,0 ,0 ,0 ,0 ,0 ,0 ,0 ,0 ,0 ,0 ,0 ,0 ,0 ,0 ,0 ,0 ,0 ,0 ,0 ,0 ,,0 ,0 ,0 ,,,459 ,19 ,60 ,7 ,9 ,19 ,0 ,0 ,0 ,1 ,15 ,0 ,5 ,1 ,0 ,4 ,0 ,0 ,93 ,0 ,23 ,64 ,5 ,2 ,0 ,22 ,0 
2020/3/8,80735 ,3119 ,58600 ,1190 ,39 ,7382 ,150 ,6566 ,45 ,,15 ,51 ,0 ,0 ,0 ,194 ,,90 ,325 ,166 ,7 ,3 ,2134 ,,0 ,1040 ,279 ,1209 ,7424 ,20 ,674 ,225 ,25 ,200 ,105 ,12 ,337 ,73 ,174 ,3 ,15 ,37 ,10 ,265 ,37 ,1 ,6 ,50 ,1 ,21 ,5 ,32 ,30 ,1 ,2 ,1 ,8 ,1 ,12 ,7 ,3 ,1 ,1 ,4 ,3 ,3 ,1 ,,,0 ,3 ,19 ,366 ,0 ,17 ,0 ,0 ,0 ,0 ,0 ,2 ,0 ,0 ,0 ,0 ,0 ,0 ,3 ,1 ,0 ,0 ,0 ,0 ,0 ,0 ,0 ,0 ,0 ,0 ,0 ,0 ,0 ,0 ,0 ,0 ,0 ,0 ,0 ,0 ,0 ,0 ,,,18 ,18 ,12 ,622 ,6 ,32 ,0 ,1 ,1 ,2 ,0 ,3 ,0 ,0 ,0 ,5 ,1 ,0 ,0 ,0 ,0 ,0 ,0 ,0 ,0 ,0 ,0 ,0 ,1 ,1 ,0 ,0 ,0 ,0 ,0 ,0 ,0 ,0 ,0 ,0 ,0 ,0 ,,,572 ,25 ,66 ,7 ,12 ,22 ,0 ,1 ,0 ,1 ,15 ,0 ,5 ,1 ,0 ,6 ,0 ,0 ,99 ,0 ,24 ,80 ,5 ,3 ,0 ,22 ,0 
2020/3/9,80754 ,3136 ,59897 ,1219 ,47 ,7513 ,160 ,7161 ,59 ,,16 ,58 ,0 ,0 ,0 ,237 ,,93 ,346 ,247 ,12 ,3 ,2394 ,,0 ,1224 ,323 ,1455 ,9220 ,23 ,1231 ,326 ,33 ,239 ,131 ,13 ,374 ,84 ,228 ,7 ,17 ,92 ,10 ,321 ,51 ,1 ,9 ,60 ,1 ,24 ,5 ,38 ,39 ,1 ,6 ,1 ,17 ,1 ,25 ,9 ,5 ,4 ,1 ,4 ,3 ,7 ,1 ,6 ,,2 ,5 ,30 ,463 ,0 ,30 ,0 ,0 ,0 ,0 ,0 ,2 ,0 ,0 ,0 ,0 ,0 ,0 ,4 ,2 ,0 ,0 ,0 ,0 ,0 ,0 ,0 ,0 ,0 ,0 ,0 ,0 ,0 ,0 ,0 ,0 ,0 ,0 ,0 ,0 ,0 ,0 ,0 ,,18 ,18 ,13 ,724 ,6 ,32 ,1 ,1 ,1 ,2 ,0 ,3 ,0 ,1 ,0 ,5 ,1 ,0 ,0 ,0 ,0 ,0 ,1 ,0 ,0 ,0 ,0 ,0 ,1 ,1 ,0 ,0 ,0 ,0 ,0 ,0 ,0 ,0 ,0 ,0 ,0 ,0 ,0 ,,755 ,25 ,78 ,7 ,17 ,27 ,0 ,1 ,0 ,1 ,15 ,0 ,8 ,1 ,0 ,19 ,0 ,0 ,117 ,0 ,24 ,93 ,5 ,3 ,0 ,22 ,0 
2020/3/10,80778 ,3158 ,61475 ,1278 ,61 ,7755 ,166 ,8042 ,74 ,1 ,19 ,60 ,0 ,0 ,0 ,291 ,0 ,93 ,427 ,288 ,17 ,4 ,2731 ,0 ,0 ,1565 ,385 ,1784 ,10283 ,23 ,1695 ,424 ,40 ,267 ,182 ,15 ,497 ,89 ,405 ,7 ,29 ,264 ,13 ,382 ,62 ,3 ,9 ,81 ,1 ,34 ,7 ,63 ,41 ,1 ,8 ,1 ,22 ,1 ,34 ,12 ,7 ,5 ,1 ,6 ,5 ,7 ,3 ,10 ,,2 ,6 ,33 ,631 ,0 ,36 ,0 ,0 ,0 ,0 ,0 ,3 ,0 ,0 ,0 ,0 ,0 ,0 ,4 ,2 ,0 ,0 ,0 ,0 ,0 ,0 ,0 ,0 ,0 ,0 ,0 ,0 ,0 ,0 ,0 ,0 ,0 ,0 ,0 ,0 ,0 ,0 ,0 ,,18 ,18 ,13 ,1004 ,6 ,135 ,1 ,1 ,1 ,4 ,0 ,3 ,0 ,1 ,0 ,5 ,1 ,0 ,0 ,0 ,0 ,3 ,1 ,0 ,0 ,0 ,0 ,0 ,1 ,1 ,0 ,0 ,0 ,0 ,0 ,0 ,0 ,0 ,0 ,0 ,0 ,0 ,0 ,,1054 ,34 ,95 ,7 ,19 ,31 ,0 ,1 ,0 ,1 ,15 ,0 ,8 ,1 ,0 ,27 ,0 ,2 ,129 ,0 ,25 ,107 ,5 ,3 ,0 ,22 ,0 
2020/3/11,80793 ,3169 ,62793 ,1331 ,63 ,7869 ,178 ,9000 ,74 ,1 ,22 ,66 ,0 ,0 ,0 ,354 ,0 ,96 ,475 ,333 ,17 ,4 ,2959 ,0 ,0 ,1966 ,464 ,2281 ,12598 ,31 ,2277 ,620 ,65 ,314 ,246 ,19 ,654 ,99 ,631 ,9 ,47 ,516 ,16 ,503 ,69 ,3 ,12 ,90 ,1 ,43 ,7 ,94 ,59 ,1 ,10 ,1 ,31 ,3 ,57 ,13 ,7 ,18 ,1 ,7 ,7 ,10 ,4 ,15 ,,3 ,8 ,48 ,827 ,0 ,55 ,1 ,0 ,3 ,0 ,0 ,4 ,0 ,0 ,0 ,0 ,0 ,0 ,5 ,3 ,0 ,0 ,0 ,0 ,1 ,0 ,0 ,0 ,0 ,0 ,0 ,0 ,0 ,0 ,0 ,0 ,0 ,0 ,1 ,0 ,0 ,0 ,1 ,,25 ,19 ,22 ,1045 ,6 ,183 ,1 ,1 ,1 ,4 ,0 ,4 ,0 ,1 ,0 ,6 ,1 ,0 ,0 ,0 ,0 ,3 ,2 ,0 ,0 ,0 ,0 ,0 ,1 ,1 ,0 ,0 ,1 ,0 ,0 ,0 ,0 ,0 ,0 ,0 ,0 ,0 ,0 ,,1329 ,52 ,118 ,12 ,21 ,38 ,0 ,1 ,0 ,1 ,15 ,0 ,9 ,4 ,0 ,34 ,1 ,2 ,149 ,0 ,26 ,127 ,5 ,3 ,0 ,24 ,0 
2020/3/12,80813 ,3176 ,64111 ,1388 ,79 ,7979 ,187 ,10075 ,85 ,1 ,26 ,67 ,1 ,0 ,0 ,429 ,0 ,96 ,511 ,510 ,20 ,4 ,3276 ,0 ,0 ,2745 ,600 ,2940 ,15385 ,37 ,3146 ,771 ,109 ,399 ,361 ,27 ,868 ,117 ,805 ,9 ,59 ,676 ,27 ,614 ,72 ,3 ,21 ,117 ,2 ,70 ,26 ,116 ,78 ,2 ,16 ,3 ,51 ,4 ,96 ,16 ,11 ,24 ,1 ,23 ,10 ,21 ,6 ,23 ,,6 ,10 ,61 ,1016 ,0 ,87 ,1 ,0 ,3 ,1 ,0 ,7 ,1 ,1 ,0 ,0 ,0 ,0 ,5 ,5 ,0 ,0 ,0 ,0 ,1 ,0 ,0 ,0 ,0 ,0 ,0 ,1 ,0 ,0 ,0 ,0 ,0 ,0 ,1 ,0 ,0 ,0 ,1 ,,25 ,19 ,28 ,1258 ,6 ,189 ,1 ,1 ,1 ,4 ,1 ,4 ,2 ,1 ,1 ,6 ,1 ,0 ,2 ,0 ,0 ,3 ,2 ,0 ,0 ,0 ,0 ,1 ,1 ,1 ,0 ,0 ,1 ,0 ,1 ,0 ,0 ,0 ,0 ,0 ,0 ,0 ,0 ,,1757 ,77 ,158 ,15 ,31 ,41 ,0 ,1 ,0 ,1 ,31 ,0 ,11 ,4 ,0 ,34 ,1 ,5 ,158 ,0 ,32 ,161 ,5 ,3 ,0 ,26 ,0 
2020/3/13,80824 ,3189 ,65541 ,1423 ,82 ,8086 ,200 ,11364 ,85 ,5 ,28 ,72 ,2 ,0 ,0 ,514 ,0 ,97 ,525 ,714 ,20 ,10 ,3529 ,0 ,2 ,3675 ,803 ,3826 ,17660 ,48 ,5232 ,923 ,155 ,559 ,504 ,32 ,1139 ,190 ,996 ,13 ,95 ,804 ,79 ,807 ,80 ,6 ,27 ,138 ,3 ,90 ,38 ,141 ,112 ,2 ,17 ,3 ,68 ,4 ,141 ,19 ,18 ,35 ,1 ,31 ,13 ,32 ,8 ,33 ,,8 ,11 ,79 ,1266 ,0 ,133 ,1 ,0 ,3 ,1 ,0 ,11 ,1 ,1 ,0 ,0 ,0 ,0 ,10 ,5 ,0 ,0 ,0 ,0 ,1 ,1 ,0 ,0 ,0 ,0 ,1 ,2 ,0 ,0 ,0 ,0 ,0 ,0 ,1 ,0 ,0 ,0 ,1 ,,46 ,19 ,28 ,1439 ,8 ,193 ,1 ,1 ,1 ,6 ,1 ,4 ,2 ,1 ,1 ,6 ,1 ,0 ,2 ,2 ,0 ,3 ,2 ,0 ,0 ,0 ,0 ,1 ,1 ,1 ,0 ,0 ,1 ,0 ,1 ,0 ,0 ,0 ,0 ,1 ,0 ,0 ,0 ,,2305 ,98 ,200 ,26 ,34 ,50 ,0 ,1 ,0 ,2 ,41 ,0 ,11 ,4 ,0 ,69 ,4 ,5 ,197 ,0 ,32 ,198 ,5 ,3 ,0 ,26 ,0 
2020/3/14,80844 ,3199 ,66911 ,1485 ,84 ,8162 ,212 ,12729 ,85 ,6 ,29 ,75 ,2 ,0 ,0 ,611 ,0 ,105 ,600 ,834 ,23 ,10 ,4339 ,0 ,4 ,4585 ,1145 ,4502 ,21270 ,62 ,6393 ,994 ,225 ,689 ,655 ,39 ,1376 ,228 ,1108 ,19 ,123 ,836 ,115 ,963 ,101 ,9 ,27 ,161 ,3 ,129 ,51 ,189 ,169 ,2 ,26 ,3 ,104 ,4 ,181 ,30 ,21 ,46 ,1 ,41 ,18 ,44 ,12 ,38 ,,9 ,21 ,91 ,1441 ,0 ,196 ,2 ,0 ,4 ,1 ,0 ,13 ,3 ,3 ,0 ,0 ,1 ,0 ,12 ,5 ,0 ,0 ,0 ,0 ,2 ,1 ,0 ,0 ,0 ,0 ,1 ,3 ,0 ,1 ,0 ,0 ,0 ,0 ,2 ,0 ,0 ,0 ,1 ,,46 ,19 ,28 ,1966 ,8 ,517 ,1 ,10 ,1 ,6 ,1 ,4 ,8 ,1 ,1 ,9 ,1 ,0 ,2 ,4 ,1 ,3 ,2 ,0 ,0 ,0 ,0 ,2 ,1 ,1 ,0 ,13 ,1 ,0 ,1 ,0 ,0 ,0 ,0 ,1 ,0 ,0 ,0 ,,3045 ,121 ,253 ,41 ,45 ,60 ,0 ,1 ,0 ,2 ,56 ,1 ,11 ,4 ,0 ,96 ,5 ,8 ,238 ,0 ,35 ,248 ,6 ,3 ,0 ,27 ,0 
2020/3/15,80860 ,3213 ,67749 ,1531 ,112 ,8236 ,226 ,13938 ,98 ,18 ,31 ,75 ,2 ,0 ,0 ,724 ,0 ,105 ,615 ,1137 ,26 ,13 ,4590 ,0 ,4 ,5813 ,1396 ,5426 ,24938 ,66 ,8032 ,1063 ,244 ,886 ,860 ,49 ,2200 ,331 ,1259 ,19 ,139 ,875 ,171 ,1140 ,109 ,14 ,27 ,180 ,3 ,169 ,77 ,293 ,245 ,5 ,30 ,3 ,125 ,7 ,219 ,32 ,24 ,48 ,1 ,51 ,21 ,61 ,23 ,42 ,,13 ,35 ,127 ,1809 ,0 ,293 ,3 ,0 ,4 ,1 ,0 ,14 ,4 ,3 ,0 ,0 ,2 ,0 ,20 ,7 ,0 ,0 ,0 ,0 ,2 ,1 ,0 ,0 ,0 ,0 ,1 ,3 ,0 ,1 ,1 ,0 ,0 ,0 ,2 ,0 ,0 ,0 ,1 ,,46 ,21 ,28 ,2335 ,8 ,517 ,1 ,10 ,1 ,6 ,2 ,4 ,8 ,1 ,1 ,9 ,1 ,1 ,2 ,4 ,1 ,3 ,2 ,0 ,1 ,0 ,0 ,2 ,1 ,1 ,0 ,13 ,1 ,0 ,1 ,0 ,1 ,0 ,0 ,2 ,0 ,0 ,0 ,,3802 ,200 ,341 ,53 ,56 ,69 ,0 ,1 ,0 ,2 ,73 ,1 ,11 ,4 ,0 ,117 ,5 ,8 ,428 ,0 ,42 ,300 ,8 ,5 ,0 ,27 ,0 
2020/3/16,80881 ,3226 ,68679 ,1548 ,129 ,8320 ,243 ,14991 ,98 ,47 ,35 ,81 ,2 ,0 ,0 ,853 ,0 ,109 ,622 ,1401 ,26 ,13 ,4996 ,0 ,4 ,7272 ,1553 ,6636 ,27980 ,96 ,9942 ,1146 ,277 ,1058 ,1018 ,58 ,2200 ,352 ,1354 ,24 ,168 ,933 ,205 ,1419 ,115 ,18 ,36 ,199 ,9 ,223 ,81 ,344 ,331 ,14 ,34 ,7 ,177 ,7 ,253 ,39 ,25 ,57 ,1 ,62 ,30 ,78 ,29 ,51 ,,17 ,56 ,148 ,2158 ,0 ,342 ,7 ,0 ,10 ,3 ,0 ,19 ,4 ,3 ,0 ,0 ,4 ,0 ,24 ,9 ,0 ,0 ,0 ,0 ,2 ,1 ,0 ,1 ,0 ,0 ,2 ,4 ,0 ,1 ,1 ,0 ,0 ,0 ,2 ,0 ,0 ,0 ,1 ,,67 ,53 ,28 ,2749 ,11 ,542 ,1 ,10 ,1 ,8 ,3 ,4 ,10 ,1 ,1 ,9 ,1 ,1 ,2 ,4 ,1 ,3 ,2 ,0 ,5 ,0 ,3 ,3 ,1 ,1 ,0 ,13 ,1 ,0 ,2 ,2 ,1 ,0 ,0 ,2 ,0 ,1 ,0 ,,4727 ,234 ,441 ,82 ,65 ,92 ,0 ,4 ,0 ,2 ,74 ,2 ,11 ,4 ,0 ,134 ,5 ,13 ,566 ,0 ,42 ,401 ,8 ,5 ,0 ,27 ,0 
2020/3/17,80894 ,3237 ,69601 ,1593 ,143 ,8413 ,266 ,16169 ,113 ,98 ,36 ,84 ,3 ,0 ,0 ,988 ,1 ,114 ,679 ,1540 ,26 ,14 ,5389 ,0 ,4 ,9360 ,1960 ,7733 ,32277 ,117 ,11826 ,1266 ,322 ,1243 ,1332 ,69 ,2700 ,387 ,1479 ,31 ,217 ,1025 ,225 ,1713 ,119 ,26 ,36 ,220 ,9 ,292 ,140 ,434 ,448 ,39 ,49 ,14 ,238 ,28 ,275 ,50 ,34 ,72 ,1 ,81 ,38 ,97 ,30 ,55 ,2 ,26 ,72 ,175 ,2503 ,0 ,533 ,8 ,0 ,10 ,4 ,0 ,27 ,5 ,3 ,0 ,0 ,4 ,0 ,43 ,11 ,0 ,0 ,1 ,0 ,2 ,1 ,0 ,1 ,0 ,0 ,2 ,5 ,0 ,1 ,1 ,0 ,0 ,0 ,2 ,0 ,0 ,0 ,1 ,0 ,71 ,67 ,602 ,2941 ,11 ,1037 ,1 ,10 ,15 ,9 ,5 ,15 ,14 ,1 ,1 ,19 ,1 ,1 ,2 ,4 ,1 ,3 ,5 ,0 ,5 ,0 ,3 ,3 ,1 ,1 ,0 ,13 ,1 ,0 ,2 ,2 ,1 ,0 ,0 ,2 ,0 ,1 ,0 ,0 ,6508 ,291 ,598 ,93 ,79 ,115 ,1 ,8 ,0 ,2 ,106 ,2 ,12 ,4 ,3 ,172 ,7 ,15 ,673 ,2 ,49 ,454 ,12 ,5 ,0 ,27 ,0 
2020/3/18,80928 ,3245 ,70420 ,1634 ,169 ,8565 ,313 ,17361 ,113 ,191 ,38 ,91 ,3 ,0 ,0 ,1135 ,2 ,117 ,718 ,1947 ,26 ,14 ,5710 ,0 ,4 ,12327 ,2645 ,9139 ,36455 ,150 ,14769 ,1411 ,359 ,1486 ,1646 ,89 ,3067 ,418 ,1610 ,42 ,260 ,1117 ,258 ,2059 ,127 ,34 ,51 ,250 ,9 ,366 ,203 ,522 ,642 ,53 ,71 ,16 ,287 ,28 ,286 ,58 ,39 ,89 ,1 ,92 ,48 ,105 ,36 ,59 ,8 ,28 ,106 ,264 ,2978 ,0 ,638 ,10 ,0 ,14 ,6 ,0 ,33 ,5 ,6 ,0 ,0 ,4 ,0 ,59 ,14 ,0 ,0 ,1 ,0 ,2 ,2 ,0 ,2 ,0 ,0 ,2 ,5 ,0 ,1 ,1 ,0 ,0 ,0 ,2 ,0 ,1 ,1 ,2 ,0 ,105 ,67 ,602 ,4025 ,11 ,1081 ,16 ,10 ,31 ,9 ,5 ,15 ,14 ,1 ,1 ,19 ,1 ,1 ,2 ,4 ,1 ,5 ,5 ,0 ,5 ,0 ,3 ,4 ,1 ,1 ,0 ,13 ,1 ,0 ,2 ,2 ,1 ,0 ,0 ,2 ,0 ,1 ,0 ,0 ,9416 ,428 ,727 ,118 ,97 ,152 ,4 ,9 ,1 ,2 ,108 ,2 ,12 ,4 ,3 ,227 ,19 ,15 ,790 ,2 ,60 ,596 ,20 ,6 ,0 ,43 ,0 
2020/3/19,80967 ,3248 ,71150 ,1673 ,193 ,8652 ,345 ,18407 ,140 ,359 ,40 ,94 ,4 ,0 ,0 ,1284 ,4 ,124 ,766 ,2233 ,31 ,20 ,5979 ,0 ,4 ,15320 ,3297 ,11017 ,41035 ,202 ,18077 ,1554 ,400 ,1795 ,2196 ,110 ,4164 ,464 ,1789 ,48 ,277 ,1225 ,267 ,2471 ,144 ,48 ,51 ,330 ,11 ,557 ,335 ,694 ,785 ,75 ,86 ,26 ,355 ,28 ,319 ,73 ,64 ,103 ,1 ,107 ,53 ,124 ,49 ,64 ,13 ,44 ,145 ,372 ,3405 ,1 ,833 ,11 ,0 ,21 ,6 ,1 ,43 ,6 ,7 ,0 ,0 ,6 ,0 ,77 ,14 ,0 ,0 ,1 ,0 ,3 ,4 ,0 ,4 ,0 ,0 ,3 ,5 ,0 ,1 ,1 ,0 ,0 ,0 ,3 ,0 ,1 ,1 ,2 ,0 ,115 ,67 ,1295 ,4440 ,11 ,1107 ,16 ,10 ,155 ,9 ,5 ,15 ,19 ,1 ,1 ,25 ,1 ,1 ,3 ,4 ,1 ,5 ,5 ,0 ,5 ,6 ,3 ,4 ,1 ,1 ,0 ,13 ,1 ,0 ,2 ,2 ,1 ,0 ,0 ,2 ,0 ,1 ,0 ,0 ,14332 ,621 ,873 ,164 ,128 ,212 ,7 ,12 ,1 ,3 ,125 ,2 ,12 ,4 ,3 ,309 ,25 ,15 ,900 ,2 ,75 ,756 ,28 ,7 ,0 ,46 ,0 
2020/3/20,81008 ,3255 ,71740 ,1728 ,249 ,8799 ,385 ,19644 ,140 ,670 ,43 ,102 ,5 ,0 ,2 ,1433 ,9 ,131 ,794 ,2612 ,31 ,23 ,6745 ,0 ,4 ,19848 ,4015 ,12622 ,47021 ,256 ,21571 ,1734 ,450 ,2257 ,2649 ,157 ,5544 ,495 ,1992 ,76 ,308 ,1337 ,283 ,3005 ,151 ,63 ,69 ,409 ,12 ,683 ,484 ,833 ,1020 ,75 ,111 ,41 ,425 ,37 ,341 ,85 ,89 ,135 ,1 ,127 ,64 ,137 ,66 ,70 ,14 ,68 ,178 ,450 ,4032 ,1 ,1093 ,16 ,0 ,37 ,6 ,1 ,56 ,8 ,7 ,0 ,0 ,9 ,0 ,107 ,14 ,0 ,0 ,1 ,0 ,3 ,5 ,0 ,6 ,0 ,0 ,3 ,6 ,0 ,1 ,4 ,0 ,1 ,0 ,3 ,0 ,1 ,1 ,2 ,0 ,180 ,67 ,1587 ,5129 ,15 ,1588 ,16 ,10 ,204 ,9 ,5 ,15 ,19 ,1 ,1 ,31 ,1 ,1 ,3 ,4 ,1 ,15 ,5 ,0 ,5 ,6 ,4 ,5 ,1 ,1 ,1 ,13 ,1 ,0 ,7 ,2 ,2 ,0 ,1 ,2 ,0 ,1 ,2 ,0 ,19758 ,904 ,1087 ,203 ,158 ,273 ,11 ,12 ,2 ,3 ,147 ,2 ,14 ,4 ,3 ,369 ,32 ,17 ,1030 ,3 ,87 ,877 ,39 ,7 ,0 ,46 ,0 
2020/3/21,81054 ,3261 ,72244 ,1768 ,332 ,8897 ,432 ,20610 ,153 ,947 ,44 ,104 ,5 ,2 ,2 ,1556 ,21 ,140 ,799 ,2909 ,38 ,24 ,7635 ,0 ,4 ,22426 ,5068 ,14478 ,53578 ,309 ,25496 ,1868 ,523 ,2815 ,3021 ,206 ,6652 ,530 ,2206 ,85 ,367 ,1420 ,306 ,3643 ,160 ,99 ,76 ,473 ,18 ,785 ,670 ,995 ,1280 ,88 ,124 ,47 ,536 ,37 ,383 ,103 ,93 ,171 ,1 ,163 ,73 ,178 ,80 ,76 ,16 ,84 ,234 ,562 ,4825 ,1 ,1378 ,20 ,1 ,67 ,8 ,1 ,80 ,13 ,7 ,0 ,0 ,13 ,0 ,137 ,20 ,1 ,0 ,1 ,0 ,3 ,8 ,0 ,12 ,0 ,0 ,3 ,6 ,0 ,1 ,4 ,1 ,1 ,0 ,3 ,0 ,1 ,1 ,2 ,0 ,239 ,95 ,1587 ,6072 ,19 ,2125 ,16 ,10 ,263 ,9 ,5 ,15 ,19 ,6 ,1 ,52 ,1 ,2 ,3 ,4 ,1 ,15 ,5 ,1 ,5 ,6 ,6 ,5 ,1 ,1 ,1 ,13 ,1 ,0 ,7 ,2 ,2 ,0 ,3 ,2 ,7 ,1 ,2 ,0 ,26881 ,1128 ,1331 ,251 ,225 ,346 ,18 ,20 ,2 ,4 ,178 ,2 ,14 ,4 ,3 ,450 ,38 ,20 ,1183 ,9 ,114 ,1072 ,52 ,7 ,0 ,46 ,0 
2020/3/22,81093 ,3270 ,72703 ,1814 ,396 ,8961 ,455 ,21638 ,153 ,1236 ,49 ,111 ,7 ,2 ,2 ,1685 ,30 ,144 ,846 ,3166 ,38 ,25 ,7913 ,0 ,4 ,25403 ,5745 ,16711 ,59138 ,370 ,28768 ,1985 ,626 ,3401 ,3582 ,254 ,7474 ,624 ,2413 ,114 ,433 ,1512 ,326 ,4216 ,175 ,143 ,76 ,568 ,23 ,906 ,798 ,1120 ,1600 ,113 ,139 ,73 ,634 ,46 ,414 ,131 ,126 ,222 ,1 ,187 ,90 ,185 ,94 ,89 ,21 ,95 ,282 ,674 ,5475 ,1 ,1772 ,23 ,1 ,75 ,16 ,1 ,98 ,15 ,7 ,1 ,3 ,13 ,0 ,180 ,20 ,1 ,0 ,1 ,0 ,4 ,8 ,1 ,14 ,2 ,0 ,3 ,7 ,0 ,2 ,6 ,1 ,2 ,0 ,3 ,0 ,1 ,1 ,2 ,0 ,266 ,95 ,2200 ,7024 ,19 ,2575 ,16 ,10 ,340 ,9 ,5 ,131 ,19 ,6 ,1 ,64 ,1 ,4 ,3 ,4 ,1 ,15 ,5 ,1 ,5 ,6 ,6 ,5 ,1 ,1 ,1 ,13 ,1 ,0 ,16 ,2 ,2 ,0 ,3 ,2 ,7 ,2 ,2 ,0 ,35226 ,1546 ,1472 ,316 ,266 ,471 ,25 ,21 ,2 ,4 ,178 ,2 ,14 ,4 ,27 ,514 ,48 ,29 ,1306 ,10 ,139 ,1353 ,66 ,7 ,0 ,88 ,0 
2020/3/23,81171 ,3277 ,73159 ,1853 ,499 ,9037 ,509 ,23049 ,198 ,1529 ,52 ,120 ,10 ,2 ,2 ,1812 ,37 ,152 ,872 ,3507 ,41 ,34 ,8376 ,0 ,4 ,29282 ,6726 ,20123 ,63927 ,441 ,35136 ,2167 ,700 ,3743 ,4474 ,315 ,8795 ,695 ,2650 ,136 ,576 ,1582 ,352 ,4785 ,187 ,179 ,81 ,588 ,23 ,1125 ,875 ,1236 ,2060 ,133 ,180 ,73 ,749 ,51 ,442 ,167 ,136 ,249 ,1 ,201 ,107 ,186 ,109 ,104 ,27 ,123 ,336 ,862 ,6077 ,1 ,2311 ,33 ,1 ,88 ,21 ,1 ,120 ,17 ,10 ,2 ,7 ,24 ,0 ,214 ,20 ,1 ,0 ,1 ,0 ,6 ,8 ,1 ,23 ,2 ,0 ,3 ,8 ,0 ,3 ,8 ,1 ,3 ,0 ,3 ,0 ,1 ,1 ,4 ,1 ,453 ,140 ,2574 ,7432 ,20 ,3355 ,16 ,10 ,401 ,9 ,5 ,131 ,29 ,6 ,1 ,73 ,24 ,4 ,3 ,4 ,1 ,22 ,51 ,1 ,5 ,6 ,7 ,14 ,1 ,1 ,1 ,13 ,1 ,0 ,21 ,2 ,3 ,0 ,3 ,2 ,7 ,2 ,2 ,0 ,46455 ,1891 ,2091 ,367 ,301 ,593 ,34 ,24 ,4 ,4 ,333 ,2 ,110 ,4 ,51 ,579 ,49 ,30 ,1518 ,14 ,159 ,1717 ,102 ,7 ,0 ,119 ,0 
2020/3/24,81218 ,3281 ,73650 ,1924 ,550 ,9137 ,558 ,24811 ,248 ,1872 ,53 ,126 ,12 ,2 ,2 ,1934 ,44 ,155 ,891 ,3730 ,45 ,53 ,8913 ,0 ,4 ,33416 ,8164 ,22622 ,69176 ,498 ,42058 ,2397 ,792 ,4269 ,5283 ,382 ,9877 ,743 ,2928 ,148 ,794 ,1718 ,369 ,5585 ,187 ,209 ,81 ,648 ,27 ,1329 ,1099 ,1394 ,2362 ,164 ,197 ,97 ,901 ,51 ,480 ,187 ,168 ,303 ,4 ,218 ,110 ,204 ,125 ,123 ,47 ,159 ,423 ,1102 ,6820 ,1 ,2991 ,40 ,1 ,122 ,28 ,1 ,130 ,20 ,12 ,2 ,12 ,32 ,0 ,277 ,21 ,2 ,0 ,2 ,0 ,7 ,8 ,3 ,33 ,2 ,0 ,3 ,10 ,0 ,4 ,9 ,3 ,3 ,0 ,3 ,0 ,1 ,1 ,5 ,1 ,3290 ,140 ,3291 ,8326 ,25 ,3794 ,16 ,10 ,461 ,9 ,5 ,131 ,32 ,6 ,1 ,79 ,36 ,7 ,3 ,4 ,1 ,22 ,51 ,1 ,5 ,6 ,10 ,22 ,1 ,1 ,1 ,13 ,1 ,3 ,21 ,2 ,15 ,0 ,3 ,2 ,7 ,2 ,10 ,0 ,55236 ,2201 ,2792 ,405 ,387 ,802 ,46 ,26 ,5 ,6 ,354 ,2 ,112 ,4 ,52 ,686 ,55 ,30 ,1624 ,16 ,183 ,2144 ,142 ,8 ,0 ,119 ,12 
2020/3/25,81285 ,3287 ,74051 ,2020 ,657 ,9241 ,631 ,27017 ,333 ,2433 ,55 ,131 ,15 ,2 ,2 ,2077 ,59 ,160 ,907 ,4144 ,52 ,53 ,9625 ,26 ,4 ,41255 ,9643 ,25600 ,74386 ,661 ,49515 ,2711 ,880 ,4937 ,5592 ,442 ,10909 ,821 ,3174 ,177 ,906 ,1862 ,404 ,6439 ,209 ,274 ,86 ,739 ,31 ,1564 ,1333 ,1654 ,2995 ,188 ,221 ,145 ,1051 ,51 ,528 ,261 ,177 ,384 ,4 ,242 ,129 ,216 ,149 ,146 ,53 ,224 ,467 ,1389 ,7503 ,3 ,3647 ,62 ,3 ,178 ,31 ,1 ,153 ,22 ,14 ,3 ,17 ,34 ,1 ,357 ,21 ,4 ,0 ,2 ,0 ,9 ,8 ,6 ,43 ,2 ,0 ,5 ,14 ,0 ,5 ,10 ,3 ,4 ,0 ,3 ,0 ,1 ,1 ,5 ,1 ,3547 ,142 ,4095 ,9362 ,32 ,5367 ,16 ,10 ,547 ,9 ,22 ,131 ,36 ,6 ,1 ,86 ,41 ,9 ,5 ,4 ,1 ,29 ,68 ,1 ,5 ,6 ,10 ,22 ,1 ,1 ,1 ,13 ,1 ,10 ,28 ,2 ,15 ,0 ,4 ,2 ,7 ,2 ,17 ,0 ,69222 ,2433 ,3409 ,475 ,502 ,1054 ,57 ,36 ,6 ,8 ,619 ,2 ,185 ,4 ,63 ,790 ,58 ,31 ,1796 ,20 ,199 ,2431 ,205 ,8 ,0 ,119 ,22 
2020/3/26,81340 ,3292 ,74588 ,2114 ,722 ,9332 ,683 ,29406 ,333 ,3629 ,57 ,139 ,18 ,2 ,2 ,2234 ,75 ,172 ,960 ,4528 ,52 ,53 ,10457 ,26 ,5 ,47278 ,11818 ,29566 ,80589 ,843 ,57786 ,2996 ,958 ,6235 ,6909 ,495 ,11753 ,892 ,3397 ,201 ,1029 ,2023 ,538 ,7468 ,218 ,299 ,86 ,802 ,33 ,1819 ,1453 ,1925 ,3544 ,224 ,244 ,196 ,1221 ,56 ,562 ,300 ,191 ,457 ,4 ,264 ,134 ,226 ,177 ,174 ,69 ,281 ,580 ,1698 ,8215 ,3 ,4365 ,77 ,5 ,220 ,49 ,3 ,192 ,26 ,14 ,3 ,24 ,41 ,1 ,435 ,21 ,4 ,0 ,2 ,0 ,19 ,9 ,9 ,60 ,3 ,0 ,5 ,16 ,0 ,6 ,10 ,3 ,7 ,0 ,3 ,0 ,1 ,1 ,6 ,1 ,5678 ,150 ,4957 ,10361 ,41 ,7015 ,16 ,10 ,675 ,112 ,22 ,131 ,42 ,6 ,3 ,94 ,50 ,9 ,6 ,5 ,1 ,29 ,82 ,1 ,5 ,6 ,10 ,43 ,1 ,1 ,1 ,13 ,1 ,10 ,34 ,2 ,15 ,0 ,8 ,2 ,7 ,2 ,17 ,0 ,86043 ,2915 ,4043 ,585 ,589 ,1304 ,77 ,40 ,8 ,12 ,753 ,6 ,202 ,4 ,72 ,893 ,78 ,35 ,2031 ,24 ,215 ,2991 ,283 ,13 ,0 ,172 ,27 
2020/3/27,81394 ,3295 ,74971 ,2238 ,886 ,9478 ,732 ,32332 ,405 ,5698 ,62 ,144 ,20 ,2 ,2 ,2378 ,92 ,183 ,975 ,4811 ,52 ,76 ,11133 ,42 ,6 ,53299 ,14787 ,33402 ,86498 ,1039 ,65719 ,3362 ,1056 ,7284 ,7697 ,586 ,12928 ,966 ,3760 ,219 ,1292 ,2199 ,575 ,8647 ,223 ,358 ,94 ,890 ,42 ,2121 ,1605 ,2279 ,4268 ,267 ,280 ,310 ,1389 ,60 ,632 ,300 ,237 ,528 ,4 ,293 ,139 ,269 ,199 ,186 ,82 ,351 ,761 ,1997 ,9134 ,4 ,5138 ,105 ,7 ,289 ,58 ,3 ,231 ,28 ,19 ,3 ,26 ,52 ,1 ,547 ,21 ,5 ,0 ,2 ,0 ,22 ,15 ,9 ,76 ,3 ,0 ,5 ,16 ,0 ,9 ,10 ,4 ,8 ,0 ,3 ,0 ,1 ,2 ,8 ,1 ,6932 ,151 ,5707 ,10950 ,48 ,9357 ,16 ,10 ,858 ,225 ,37 ,1530 ,52 ,7 ,3 ,115 ,57 ,11 ,6 ,6 ,1 ,32 ,97 ,1 ,5 ,40 ,11 ,43 ,1 ,1 ,5 ,13 ,1 ,10 ,34 ,5 ,42 ,0 ,9 ,2 ,7 ,2 ,31 ,0 ,104848 ,3417 ,4757 ,717 ,690 ,1716 ,92 ,55 ,12 ,17 ,894 ,6 ,354 ,4 ,74 ,1046 ,87 ,46 ,2161 ,26 ,259 ,3180 ,368 ,13 ,0 ,172 ,37 
2020/3/28,81439 ,3300 ,75448 ,2439 ,1029 ,9583 ,802 ,35408 ,468 ,7402 ,65 ,152 ,24 ,2 ,2 ,2517 ,108 ,198 ,1007 ,5033 ,55 ,85 ,11679 ,70 ,6 ,58137 ,17315 ,38105 ,92472 ,1267 ,73235 ,3663 ,1167 ,9134 ,8280 ,657 ,14123 ,1061 ,4024 ,241 ,1452 ,2366 ,645 ,9819 ,224 ,394 ,94 ,963 ,43 ,2415 ,1831 ,2657 ,5170 ,308 ,305 ,356 ,1638 ,61 ,684 ,343 ,269 ,659 ,6 ,331 ,149 ,292 ,231 ,197 ,84 ,480 ,1021 ,2317 ,10023 ,4 ,5982 ,112 ,9 ,353 ,68 ,5 ,271 ,32 ,23 ,4 ,37 ,65 ,1 ,640 ,22 ,7 ,0 ,2 ,1 ,36 ,18 ,11 ,100 ,3 ,0 ,9 ,18 ,0 ,9 ,11 ,6 ,10 ,0 ,7 ,0 ,1 ,2 ,10 ,1 ,8481 ,151 ,5724 ,12384 ,52 ,12285 ,18 ,10 ,1063 ,225 ,45 ,1595 ,52 ,7 ,3 ,139 ,57 ,20 ,6 ,6 ,1 ,32 ,114 ,1 ,5 ,40 ,11 ,43 ,1 ,1 ,5 ,13 ,1 ,10 ,34 ,8 ,42 ,0 ,11 ,2 ,7 ,2 ,33 ,0 ,124697 ,3904 ,5655 ,848 ,745 ,2196 ,114 ,61 ,16 ,19 ,2612 ,6 ,508 ,4 ,78 ,1155 ,102 ,59 ,2320 ,27 ,320 ,3640 ,451 ,14 ,0 ,172 ,50 
2020/3/29,81470 ,3304 ,75770 ,2608 ,1139 ,9661 ,844 ,38309 ,570 ,9217 ,66 ,158 ,30 ,3 ,3 ,2640 ,131 ,212 ,1027 ,5228 ,58 ,102 ,12391 ,105 ,12 ,62440 ,19784 ,40723 ,97689 ,1537 ,80128 ,3944 ,1240 ,10836 ,8788 ,713 ,14829 ,1156 ,4270 ,259 ,1815 ,2564 ,679 ,10927 ,229 ,460 ,94 ,1020 ,46 ,2615 ,1950 ,2817 ,5962 ,334 ,347 ,475 ,1862 ,62 ,730 ,447 ,327 ,741 ,6 ,346 ,151 ,314 ,263 ,212 ,85 ,545 ,1231 ,2611 ,10779 ,8 ,6803 ,123 ,11 ,431 ,86 ,6 ,300 ,38 ,26 ,6 ,44 ,72 ,3 ,772 ,24 ,7 ,0 ,2 ,1 ,46 ,21 ,16 ,119 ,6 ,0 ,10 ,22 ,0 ,11 ,15 ,6 ,13 ,0 ,8 ,0 ,4 ,2 ,10 ,1 ,9291 ,151 ,7226 ,13030 ,67 ,14709 ,18 ,10 ,1359 ,479 ,52 ,1823 ,52 ,7 ,3 ,206 ,73 ,20 ,256 ,12 ,1 ,32 ,135 ,1 ,5 ,40 ,11 ,43 ,6 ,1 ,6 ,13 ,1 ,10 ,34 ,8 ,42 ,0 ,14 ,2 ,7 ,2 ,40 ,0 ,143101 ,4256 ,6320 ,993 ,820 ,2517 ,136 ,65 ,20 ,20 ,4865 ,6 ,573 ,4 ,91 ,1285 ,114 ,64 ,2470 ,35 ,388 ,3984 ,514 ,16 ,1 ,244 ,56 
2020/3/30,81518 ,3305 ,76052 ,2702 ,1347 ,9786 ,879 ,41495 ,611 ,10827 ,70 ,162 ,43 ,3 ,5 ,2757 ,168 ,228 ,1027 ,5408 ,61 ,137 ,13911 ,162 ,13 ,67051 ,22454 ,45170 ,101739 ,1839 ,87956 ,4358 ,1352 ,11899 ,9634 ,790 ,15923 ,1212 ,4432 ,285 ,2109 ,2755 ,715 ,11817 ,230 ,491 ,152 ,1086 ,49 ,2910 ,1988 ,3001 ,6408 ,370 ,376 ,549 ,2055 ,64 ,756 ,447 ,368 ,785 ,6 ,359 ,156 ,336 ,298 ,223 ,91 ,650 ,1417 ,3030 ,11591 ,9 ,7716 ,165 ,13 ,513 ,108 ,6 ,359 ,43 ,32 ,7 ,65 ,77 ,3 ,865 ,25 ,7 ,0 ,2 ,1 ,54 ,22 ,23 ,140 ,8 ,0 ,13 ,31 ,0 ,11 ,15 ,10 ,16 ,0 ,8 ,0 ,4 ,2 ,11 ,1 ,13500 ,171 ,7964 ,14620 ,69 ,16780 ,18 ,10 ,1527 ,646 ,67 ,2105 ,52 ,12 ,12 ,209 ,73 ,20 ,256 ,13 ,1 ,47 ,157 ,1 ,5 ,80 ,25 ,43 ,10 ,1 ,8 ,13 ,1 ,10 ,34 ,17 ,42 ,0 ,17 ,2 ,7 ,18 ,44 ,0 ,164670 ,4579 ,7474 ,1094 ,966 ,3180 ,159 ,92 ,28 ,24 ,5945 ,127 ,1114 ,35 ,228 ,1414 ,122 ,75 ,2626 ,37 ,479 ,4250 ,589 ,18 ,1 ,244 ,63 
2020/3/31,81554 ,3312 ,76238 ,2945 ,1635 ,9887 ,926 ,44606 ,664 ,13531 ,77 ,165 ,49 ,3 ,6 ,2898 ,214 ,240 ,1043 ,5567 ,61 ,153 ,14656 ,243 ,13 ,71817 ,25481 ,52836 ,105792 ,2340 ,95923 ,4832 ,1418 ,12775 ,10192 ,867 ,16605 ,1314 ,4653 ,329 ,2245 ,3039 ,745 ,12669 ,236 ,537 ,158 ,1135 ,52 ,3235 ,2178 ,3308 ,7443 ,376 ,398 ,645 ,2311 ,68 ,802 ,525 ,420 ,900 ,6 ,399 ,169 ,363 ,353 ,243 ,109 ,798 ,1811 ,3532 ,12428 ,17 ,8464 ,198 ,17 ,705 ,128 ,6 ,433 ,49 ,39 ,9 ,82 ,90 ,4 ,1040 ,26 ,8 ,1 ,2 ,1 ,71 ,23 ,31 ,160 ,12 ,0 ,17 ,33 ,0 ,15 ,20 ,13 ,23 ,0 ,8 ,0 ,4 ,4 ,15 ,2 ,16100 ,179 ,9522 ,15729 ,124 ,19259 ,93 ,10 ,1698 ,1095 ,67 ,2105 ,52 ,13 ,12 ,220 ,77 ,26 ,256 ,13 ,7 ,47 ,198 ,2 ,5 ,80 ,45 ,43 ,11 ,1 ,10 ,13 ,1 ,10 ,40 ,17 ,42 ,0 ,17 ,2 ,7 ,22 ,52 ,0 ,189800 ,5717 ,8612 ,1215 ,1054 ,4087 ,201 ,102 ,29 ,27 ,7136 ,127 ,1592 ,35 ,240 ,1528 ,136 ,81 ,2766 ,43 ,537 ,4561 ,647 ,19 ,1 ,358 ,74 
2020/4/1,81589 ,3318 ,76408 ,3211 ,2059 ,9976 ,1000 ,47593 ,814 ,15679 ,80 ,169 ,58 ,4 ,8 ,3036 ,277 ,245 ,1091 ,5828 ,61 ,169 ,15473 ,333 ,13 ,77981 ,29865 ,57763 ,110574 ,2780 ,104118 ,5317 ,1446 ,13964 ,10769 ,963 ,17785 ,1415 ,4851 ,354 ,2460 ,3294 ,779 ,13698 ,236 ,581 ,163 ,1220 ,55 ,3447 ,2319 ,3589 ,8251 ,390 ,446 ,794 ,2554 ,72 ,841 ,585 ,459 ,1060 ,6 ,422 ,188 ,400 ,423 ,259 ,123 ,933 ,2357 ,4043 ,13155 ,24 ,9387 ,259 ,17 ,828 ,146 ,6 ,488 ,50 ,44 ,11 ,92 ,104 ,5 ,1175 ,28 ,8 ,2 ,2 ,1 ,85 ,29 ,39 ,187 ,14 ,0 ,20 ,43 ,0 ,15 ,21 ,13 ,28 ,0 ,10 ,0 ,4 ,5 ,15 ,2 ,19175 ,179 ,11055 ,16847 ,193 ,22647 ,103 ,10 ,2132 ,1436 ,73 ,4013 ,52 ,13 ,17 ,252 ,977 ,33 ,260 ,13 ,7 ,52 ,236 ,2 ,5 ,80 ,61 ,43 ,11 ,1 ,13 ,56 ,1 ,10 ,42 ,19 ,42 ,0 ,20 ,2 ,7 ,23 ,67 ,0 ,216762 ,6836 ,9731 ,1378 ,1133 ,5148 ,241 ,129 ,37 ,33 ,8672 ,127 ,1736 ,35 ,248 ,1677 ,157 ,103 ,2908 ,45 ,645 ,4864 ,708 ,21 ,1 ,422 ,83 
2020/4/2,81620 ,3322 ,76571 ,3490 ,2545 ,10062 ,1049 ,50468 ,1024 ,18135 ,84 ,174 ,72 ,5 ,8 ,3160 ,356 ,266 ,1124 ,6021 ,96 ,191 ,16711 ,415 ,21 ,84794 ,34173 ,59929 ,115242 ,3551 ,112065 ,5872 ,1518 ,15348 ,11199 ,1011 ,18823 ,1514 ,5092 ,384 ,2738 ,3573 ,858 ,14788 ,245 ,649 ,304 ,1319 ,60 ,3849 ,2487 ,3858 ,9034 ,428 ,458 ,897 ,2946 ,75 ,897 ,623 ,533 ,1171 ,7 ,457 ,196 ,426 ,505 ,277 ,144 ,1121 ,2926 ,5398 ,13915 ,30 ,10348 ,308 ,19 ,1011 ,158 ,7 ,541 ,53 ,50 ,11 ,115 ,123 ,11 ,1341 ,30 ,9 ,4 ,4 ,1 ,98 ,30 ,44 ,209 ,15 ,0 ,22 ,57 ,0 ,17 ,26 ,16 ,31 ,0 ,10 ,0 ,4 ,6 ,16 ,2 ,22440 ,192 ,12548 ,18278 ,238 ,26743 ,103 ,300 ,2495 ,1749 ,88 ,4846 ,61 ,32 ,17 ,267 ,1172 ,45 ,260 ,21 ,7 ,52 ,284 ,2 ,5 ,80 ,67 ,68 ,14 ,1 ,19 ,56 ,1 ,70 ,43 ,20 ,42 ,0 ,25 ,2 ,7 ,23 ,76 ,0 ,245636 ,7910 ,11284 ,1510 ,1265 ,6066 ,299 ,139 ,50 ,37 ,9228 ,127 ,1979 ,633 ,256 ,1790 ,170 ,112 ,3116 ,50 ,767 ,5137 ,797 ,24 ,1 ,520 ,92 
2020/4/3,81639 ,3326 ,76751 ,3844 ,3105 ,10156 ,1114 ,53183 ,1264 ,20921 ,88 ,177 ,86 ,5 ,9 ,3294 ,425 ,282 ,1133 ,6325 ,108 ,230 ,17935 ,484 ,26 ,91159 ,38691 ,76460 ,119827 ,4152 ,119199 ,6362 ,1637 ,16770 ,11524 ,1079 ,19702 ,1613 ,5314 ,430 ,3183 ,3946 ,961 ,15821 ,251 ,696 ,351 ,1364 ,64 ,4273 ,2612 ,4190 ,9886 ,439 ,493 ,1072 ,3383 ,76 ,934 ,623 ,579 ,1476 ,7 ,485 ,202 ,450 ,591 ,304 ,174 ,1306 ,3611 ,6520 ,14681 ,34 ,11198 ,358 ,20 ,1143 ,168 ,8 ,604 ,59 ,60 ,12 ,133 ,139 ,12 ,1492 ,32 ,9 ,4 ,4 ,1 ,120 ,31 ,53 ,246 ,16 ,1 ,27 ,71 ,0 ,21 ,26 ,17 ,39 ,0 ,14 ,0 ,4 ,8 ,17 ,2 ,24981 ,209 ,14135 ,19758 ,284 ,30513 ,205 ,300 ,2872 ,2022 ,92 ,5657 ,78 ,32 ,20 ,283 ,1287 ,48 ,260 ,26 ,7 ,52 ,336 ,3 ,25 ,500 ,72 ,68 ,16 ,1 ,23 ,56 ,1 ,70 ,43 ,27 ,54 ,0 ,30 ,2 ,10 ,26 ,89 ,1 ,278492 ,9056 ,12549 ,1688 ,1353 ,7166 ,359 ,208 ,60 ,42 ,9897 ,127 ,2321 ,633 ,266 ,1986 ,181 ,134 ,3333 ,53 ,827 ,5362 ,868 ,28 ,1 ,649 ,103 
2020/4/4,81669 ,3329 ,76964 ,4210 ,3684 ,10237 ,1189 ,55743 ,1505 ,23934 ,95 ,183 ,99 ,6 ,10 ,3452 ,501 ,297 ,1194 ,6463 ,125 ,286 ,19736 ,786 ,27 ,96108 ,42479 ,83019 ,124632 ,4734 ,126168 ,6558 ,1882 ,18431 ,11781 ,1126 ,20505 ,1673 ,5506 ,483 ,3613 ,4268 ,1039 ,16729 ,259 ,771 ,440 ,1417 ,66 ,4604 ,2729 ,4472 ,10524 ,466 ,509 ,1225 ,3627 ,77 ,977 ,678 ,624 ,1624 ,7 ,503 ,213 ,471 ,752 ,333 ,201 ,1446 ,4320 ,7574 ,15362 ,43 ,11947 ,391 ,25 ,1283 ,186 ,12 ,666 ,68 ,62 ,17 ,146 ,161 ,13 ,1656 ,32 ,11 ,5 ,4 ,2 ,137 ,31 ,59 ,266 ,17 ,2 ,32 ,79 ,1 ,22 ,32 ,21 ,44 ,0 ,17 ,0 ,4 ,12 ,20 ,2 ,26400 ,217 ,15572 ,20996 ,336 ,34219 ,205 ,300 ,3247 ,2507 ,119 ,6415 ,78 ,32 ,20 ,329 ,1379 ,59 ,262 ,27 ,7 ,52 ,396 ,3 ,25 ,500 ,78 ,75 ,21 ,1 ,25 ,116 ,1 ,79 ,58 ,30 ,54 ,0 ,34 ,2 ,10 ,29 ,99 ,1 ,312253 ,10278 ,14018 ,1890 ,1451 ,8515 ,432 ,234 ,79 ,43 ,15021 ,127 ,2637 ,633 ,279 ,2092 ,191 ,150 ,3483 ,57 ,915 ,5552 ,950 ,30 ,1 ,701 ,127 
2020/4/5,81708 ,3331 ,77078 ,4570 ,4290 ,10284 ,1309 ,58226 ,1799 ,27069 ,104 ,186 ,121 ,6 ,10 ,3603 ,574 ,320 ,1203 ,6598 ,144 ,329 ,22011 ,1042 ,35 ,100132 ,48440 ,87719 ,128948 ,5392 ,131646 ,6993 ,1927 ,19691 ,12051 ,1182 ,21065 ,1735 ,5643 ,555 ,3864 ,4561 ,1097 ,17965 ,266 ,811 ,562 ,1486 ,73 ,4994 ,2804 ,4587 ,11278 ,501 ,533 ,1308 ,4102 ,77 ,997 ,733 ,654 ,1908 ,7 ,531 ,227 ,485 ,864 ,361 ,214 ,1584 ,4943 ,8093 ,15887 ,45 ,12641 ,428 ,27 ,1447 ,204 ,16 ,715 ,73 ,71 ,18 ,151 ,179 ,15 ,1773 ,32 ,13 ,8 ,4 ,2 ,158 ,36 ,67 ,295 ,18 ,2 ,37 ,94 ,1 ,28 ,34 ,23 ,51 ,0 ,20 ,0 ,4 ,15 ,20 ,2 ,28700 ,229 ,16354 ,21815 ,358 ,38080 ,205 ,300 ,3751 ,2998 ,125 ,7298 ,78 ,32 ,23 ,374 ,1429 ,62 ,262 ,35 ,7 ,52 ,428 ,3 ,25 ,500 ,96 ,75 ,26 ,1 ,28 ,134 ,1 ,79 ,66 ,30 ,54 ,0 ,37 ,5 ,10 ,30 ,104 ,1 ,337946 ,11130 ,15940 ,2143 ,1554 ,9667 ,486 ,281 ,94 ,46 ,17582 ,127 ,3081 ,633 ,280 ,2273 ,198 ,164 ,3662 ,61 ,1005 ,5688 ,1039 ,35 ,1 ,2315 ,156 
2020/4/6,81740 ,3331 ,77167 ,4811 ,4778 ,10331 ,1375 ,60500 ,2076 ,30217 ,108 ,192 ,137 ,6 ,11 ,3739 ,649 ,344 ,1211 ,6694 ,167 ,394 ,24236 ,1326 ,40 ,103483 ,52290 ,90452 ,132547 ,6346 ,136675 ,7347 ,2176 ,20814 ,12332 ,1222 ,21657 ,1755 ,5787 ,570 ,4057 ,4875 ,1108 ,18926 ,277 ,843 ,700 ,1562 ,77 ,5364 ,2843 ,4822 ,11730 ,527 ,542 ,1319 ,4413 ,77 ,1021 ,744 ,674 ,2200 ,7 ,549 ,241 ,534 ,965 ,377 ,233 ,1818 ,5385 ,8926 ,16523 ,47 ,13341 ,506 ,27 ,1632 ,220 ,16 ,765 ,79 ,77 ,23 ,176 ,187 ,19 ,1874 ,32 ,15 ,13 ,6 ,2 ,174 ,41 ,78 ,311 ,21 ,2 ,38 ,107 ,1 ,30 ,38 ,29 ,58 ,0 ,22 ,0 ,4 ,19 ,22 ,2 ,36081 ,288 ,17429 ,22837 ,409 ,40437 ,219 ,300 ,3986 ,3463 ,130 ,8056 ,269 ,32 ,30 ,406 ,1489 ,62 ,262 ,40 ,8 ,53 ,460 ,4 ,25 ,500 ,121 ,140 ,36 ,16 ,28 ,162 ,55 ,102 ,67 ,47 ,118 ,0 ,39 ,5 ,10 ,37 ,116 ,1 ,368453 ,12056 ,16667 ,2439 ,1628 ,11007 ,553 ,323 ,125 ,54 ,19919 ,127 ,3616 ,633 ,338 ,2491 ,209 ,192 ,3793 ,62 ,1241 ,5800 ,1106 ,41 ,1 ,2432 ,176 
2020/4/7,81802 ,3333 ,77279 ,5171 ,5351 ,10384 ,1481 ,62589 ,2359 ,34109 ,109 ,200 ,163 ,6 ,12 ,3872 ,725 ,377 ,1242 ,6776 ,186 ,469 ,27039 ,1582 ,40 ,107826 ,55950 ,99180 ,135586 ,7500 ,141942 ,7857 ,2308 ,22194 ,12640 ,1282 ,22253 ,1832 ,5929 ,599 ,4417 ,5266 ,1149 ,19709 ,279 ,880 ,861 ,1586 ,79 ,5709 ,2970 ,5017 ,12442 ,545 ,548 ,1462 ,4848 ,78 ,1059 ,817 ,778 ,2447 ,7 ,577 ,293 ,581 ,1056 ,383 ,241 ,2041 ,6171 ,10343 ,17127 ,58 ,14045 ,618 ,34 ,2035 ,243 ,18 ,821 ,81 ,89 ,26 ,197 ,203 ,21 ,2108 ,34 ,15 ,13 ,6 ,2 ,210 ,44 ,88 ,345 ,22 ,3 ,45 ,129 ,1 ,36 ,47 ,33 ,61 ,0 ,23 ,0 ,4 ,22 ,22 ,2 ,38287 ,325 ,19523 ,24392 ,497 ,43208 ,333 ,300 ,4157 ,4046 ,167 ,8704 ,269 ,32 ,30 ,460 ,1621 ,69 ,272 ,40 ,8 ,54 ,559 ,4 ,25 ,500 ,172 ,184 ,39 ,16 ,28 ,191 ,55 ,102 ,71 ,68 ,118 ,0 ,42 ,5 ,13 ,40 ,131 ,4 ,402383 ,13717 ,17897 ,2785 ,1715 ,12935 ,667 ,381 ,141 ,60 ,22539 ,127 ,4047 ,633 ,338 ,2738 ,221 ,204 ,3963 ,63 ,1321 ,5919 ,1160 ,48 ,1 ,2547 ,241 
2020/4/8,81865 ,3335 ,77370 ,5687 ,5916 ,10423 ,1623 ,64586 ,2659 ,38226 ,116 ,204 ,183 ,6 ,12 ,3993 ,812 ,406 ,1270 ,6973 ,239 ,565 ,29812 ,1846 ,45 ,113296 ,61474 ,103061 ,139422 ,8675 ,148220 ,8571 ,2487 ,23403 ,12942 ,1343 ,23280 ,1884 ,6056 ,617 ,4761 ,5597 ,1185 ,20682 ,308 ,912 ,1066 ,1616 ,81 ,6074 ,3034 ,5312 ,13141 ,564 ,577 ,1668 ,5205 ,78 ,1091 ,895 ,804 ,2666 ,8 ,593 ,299 ,682 ,1174 ,400 ,249 ,2349 ,7111 ,10887 ,17669 ,63 ,14792 ,696 ,40 ,2240 ,273 ,19 ,895 ,83 ,101 ,30 ,220 ,218 ,24 ,2255 ,34 ,15 ,13 ,6 ,2 ,235 ,46 ,99 ,380 ,23 ,3 ,52 ,159 ,1 ,40 ,58 ,34 ,65 ,0 ,24 ,2 ,4 ,27 ,22 ,2 ,46300 ,345 ,21461 ,26491 ,583 ,48021 ,339 ,300 ,4681 ,4512 ,179 ,9800 ,269 ,32 ,35 ,528 ,1768 ,72 ,272 ,45 ,8 ,77 ,633 ,4 ,25 ,500 ,233 ,196 ,52 ,16 ,35 ,222 ,55 ,120 ,94 ,79 ,118 ,2 ,42 ,16 ,16 ,40 ,154 ,4 ,435609 ,15927 ,19291 ,3181 ,1795 ,14833 ,800 ,436 ,174 ,65 ,24125 ,127 ,4646 ,633 ,358 ,2956 ,240 ,222 ,4119 ,65 ,1487 ,6024 ,1210 ,50 ,1 ,2813 ,282 
2020/4/9,81907 ,3336 ,77455 ,6262 ,6729 ,10450 ,1910 ,66220 ,2990 ,42282 ,119 ,208 ,230 ,7 ,14 ,4110 ,908 ,460 ,1323 ,7117 ,268 ,635 ,32309 ,2142 ,49 ,118235 ,65885 ,107696 ,143626 ,10134 ,153222 ,9245 ,2605 ,24983 ,13248 ,1407 ,24051 ,1955 ,6207 ,663 ,5202 ,5830 ,1207 ,21910 ,333 ,955 ,1486 ,1648 ,84 ,6574 ,3115 ,5569 ,13956 ,583 ,589 ,1892 ,5575 ,78 ,1124 ,980 ,859 ,2867 ,8 ,618 ,337 ,701 ,1289 ,409 ,252 ,2607 ,7993 ,12228 ,18279 ,76 ,15447 ,812 ,42 ,2523 ,295 ,20 ,949 ,86 ,108 ,30 ,248 ,237 ,24 ,2405 ,34 ,16 ,16 ,6 ,2 ,263 ,52 ,112 ,409 ,25 ,3 ,57 ,174 ,1 ,43 ,66 ,35 ,66 ,0 ,24 ,2 ,4 ,29 ,23 ,2 ,52407 ,359 ,23441 ,28470 ,701 ,52165 ,373 ,300 ,5164 ,5240 ,219 ,10600 ,269 ,32 ,37 ,647 ,1892 ,83 ,280 ,49 ,8 ,139 ,688 ,5 ,25 ,500 ,301 ,205 ,58 ,16 ,45 ,284 ,55 ,128 ,96 ,101 ,118 ,2 ,48 ,16 ,23 ,50 ,165 ,4 ,469993 ,17857 ,20765 ,3441 ,1894 ,16716 ,941 ,524 ,194 ,79 ,26522 ,173 ,5311 ,633 ,365 ,3293 ,280 ,252 ,4228 ,67 ,1608 ,6109 ,1239 ,51 ,1 ,2987 ,317 
2020/4/10,81953 ,3339 ,77525 ,6892 ,7600 ,10480 ,2108 ,68192 ,3360 ,47029 ,132 ,211 ,252 ,7 ,16 ,4232 ,1006 ,492 ,1353 ,7243 ,418 ,786 ,35465 ,2423 ,50 ,122332 ,74605 ,113927 ,147577 ,11920 ,158276 ,9788 ,2769 ,26667 ,13561 ,1495 ,24551 ,2011 ,6304 ,711 ,5467 ,6014 ,1258 ,23249 ,344 ,999 ,1981 ,1675 ,90 ,8089 ,3223 ,5732 ,15472 ,601 ,612 ,2203 ,5955 ,79 ,1160 ,1190 ,902 ,3105 ,8 ,635 ,350 ,715 ,1438 ,416 ,257 ,2767 ,8974 ,13215 ,18849 ,94 ,16081 ,881 ,48 ,3019 ,319 ,21 ,1002 ,90 ,113 ,32 ,270 ,247 ,24 ,2520 ,34 ,22 ,19 ,7 ,2 ,287 ,54 ,119 ,435 ,26 ,4 ,69 ,181 ,1 ,45 ,77 ,36 ,71 ,0 ,25 ,2 ,4 ,29 ,23 ,2 ,55980 ,588 ,25195 ,30455 ,798 ,55668 ,381 ,300 ,5568 ,6064 ,231 ,11100 ,269 ,32 ,41 ,729 ,1929 ,93 ,287 ,50 ,54 ,169 ,751 ,5 ,25 ,500 ,346 ,233 ,71 ,16 ,61 ,318 ,55 ,137 ,112 ,129 ,118 ,2 ,54 ,16 ,23 ,56 ,182 ,5 ,505931 ,19638 ,22148 ,3844 ,1975 ,18817 ,1056 ,570 ,233 ,83 ,29191 ,173 ,6013 ,633 ,375 ,3512 ,306 ,282 ,4346 ,70 ,1830 ,6204 ,1283 ,54 ,2 ,3141 ,373 
2020/4/11,82052 ,3339 ,77575 ,7611 ,8454 ,10512 ,2299 ,70029 ,3736 ,52167 ,143 ,214 ,292 ,8 ,20 ,4357 ,1101 ,528 ,1406 ,7368 ,588 ,972 ,41947 ,2965 ,53 ,125811 ,79885 ,118178 ,152271 ,13587 ,163027 ,10303 ,2905 ,28018 ,13806 ,1534 ,25107 ,2081 ,6395 ,760 ,5990 ,6191 ,1304 ,24571 ,356 ,1026 ,2226 ,1689 ,92 ,8928 ,3270 ,5902 ,15987 ,622 ,630 ,2511 ,6356 ,79 ,1188 ,1310 ,946 ,3380 ,8 ,661 ,370 ,728 ,1560 ,433 ,263 ,2874 ,9892 ,13851 ,19468 ,106 ,16606 ,901 ,49 ,3346 ,337 ,21 ,1036 ,93 ,119 ,34 ,291 ,260 ,24 ,2653 ,35 ,23 ,23 ,8 ,2 ,320 ,62 ,129 ,470 ,28 ,5 ,73 ,208 ,1 ,50 ,85 ,37 ,74 ,0 ,28 ,3 ,4 ,30 ,23 ,2 ,58190 ,625 ,26671 ,32534 ,1048 ,59109 ,381 ,300 ,5986 ,6604 ,323 ,12100 ,269 ,32 ,41 ,758 ,2151 ,93 ,291 ,53 ,54 ,172 ,841 ,5 ,25 ,500 ,411 ,266 ,94 ,16 ,79 ,375 ,55 ,148 ,115 ,139 ,118 ,2 ,62 ,16 ,23 ,75 ,197 ,5 ,534361 ,20727 ,23318 ,4219 ,2142 ,20651 ,1124 ,654 ,273 ,89 ,32110 ,173 ,6650 ,1772 ,440 ,3842 ,327 ,286 ,4530 ,73 ,1995 ,6303 ,1312 ,56 ,4 ,3265 ,422 
2020/4/12,82160 ,3341 ,77663 ,8110 ,9212 ,10537 ,2532 ,71686 ,4123 ,56956 ,149 ,217 ,334 ,8 ,22 ,4474 ,1198 ,560 ,1428 ,7447 ,680 ,1086 ,43894 ,3446 ,53 ,127932 ,85208 ,120633 ,156363 ,15773 ,166831 ,10650 ,2974 ,29647 ,13945 ,1600 ,25415 ,2114 ,6465 ,828 ,6300 ,6369 ,1309 ,25746 ,356 ,1053 ,2578 ,1701 ,93 ,9655 ,3281 ,5991 ,16585 ,638 ,651 ,2777 ,6674 ,79 ,1205 ,1410 ,1009 ,3630 ,8 ,675 ,378 ,742 ,1662 ,446 ,272 ,3041 ,10638 ,14412 ,19899 ,130 ,17209 ,917 ,56 ,3600 ,350 ,23 ,1106 ,98 ,128 ,34 ,316 ,273 ,25 ,2747 ,35 ,23 ,26 ,8 ,2 ,334 ,66 ,138 ,504 ,29 ,6 ,83 ,232 ,1 ,53 ,99 ,39 ,80 ,0 ,29 ,3 ,4 ,32 ,23 ,3 ,60300 ,625 ,27469 ,34211 ,1294 ,62391 ,443 ,300 ,6463 ,6987 ,373 ,12700 ,269 ,32 ,41 ,852 ,2291 ,98 ,295 ,53 ,97 ,203 ,889 ,6 ,25 ,500 ,464 ,277 ,128 ,16 ,89 ,439 ,55 ,150 ,118 ,193 ,400 ,2 ,68 ,44 ,23 ,94 ,217 ,5 ,562195 ,22169 ,24383 ,4661 ,2208 ,22158 ,1223 ,717 ,296 ,95 ,41831 ,173 ,7172 ,1772 ,468 ,4241 ,373 ,359 ,4683 ,76 ,2108 ,6325 ,1330 ,59 ,4 ,3338 ,471 
2020/4/13,82249 ,3341 ,77738 ,8404 ,10455 ,10564 ,2918 ,73303 ,4521 ,61049 ,154 ,222 ,361 ,9 ,25 ,4585 ,1296 ,586 ,1443 ,7534 ,852 ,1198 ,45983 ,3957 ,53 ,130162 ,89571 ,124298 ,159516 ,18331 ,170099 ,11048 ,3064 ,30589 ,14043 ,1650 ,25688 ,2145 ,6533 ,854 ,6633 ,6513 ,1332 ,26712 ,371 ,1062 ,2919 ,1711 ,93 ,10647 ,3292 ,6059 ,16934 ,646 ,655 ,3102 ,6934 ,80 ,1212 ,1458 ,1046 ,4054 ,8 ,685 ,384 ,816 ,1712 ,467 ,274 ,3213 ,11347 ,14986 ,20465 ,148 ,17756 ,951 ,59 ,3903 ,368 ,25 ,1138 ,99 ,134 ,38 ,331 ,285 ,28 ,2833 ,36 ,24 ,29 ,8 ,2 ,365 ,69 ,143 ,535 ,29 ,6 ,93 ,245 ,1 ,55 ,109 ,39 ,85 ,0 ,32 ,3 ,4 ,35 ,23 ,3 ,64300 ,625 ,28001 ,35435 ,1473 ,64727 ,443 ,300 ,6707 ,7343 ,400 ,13700 ,269 ,32 ,44 ,914 ,2403 ,102 ,297 ,53 ,101 ,203 ,933 ,6 ,25 ,500 ,519 ,277 ,139 ,16 ,97 ,487 ,55 ,152 ,120 ,207 ,400 ,2 ,71 ,44 ,107 ,107 ,232 ,5 ,588435 ,23430 ,25681 ,5014 ,2277 ,23702 ,1328 ,781 ,332 ,98 ,44308 ,173 ,7758 ,1964 ,515 ,4557 ,399 ,380 ,4817 ,77 ,2276 ,6360 ,1349 ,61 ,5 ,3494 ,546 
2020/4/14,82295 ,3342 ,77816 ,8885 ,11490 ,10591 ,3252 ,74877 ,4933 ,65111 ,174 ,225 ,398 ,10 ,28 ,4683 ,1403 ,611 ,1497 ,7616 ,933 ,1365 ,48129 ,4799 ,53 ,132278 ,94845 ,130253 ,162488 ,21105 ,174060 ,11555 ,3161 ,31119 ,14234 ,1704 ,25937 ,2170 ,6633 ,908 ,6879 ,6706 ,1373 ,27580 ,372 ,1070 ,3281 ,1720 ,93 ,11497 ,3307 ,6141 ,17448 ,659 ,657 ,3372 ,7202 ,80 ,1220 ,1512 ,1083 ,4465 ,8 ,713 ,393 ,835 ,1934 ,475 ,283 ,3518 ,12129 ,15750 ,21067 ,170 ,18255 ,1084 ,64 ,4157 ,384 ,31 ,1174 ,101 ,139 ,44 ,351 ,299 ,31 ,2955 ,36 ,29 ,33 ,8 ,2 ,416 ,69 ,161 ,567 ,31 ,6 ,98 ,263 ,1 ,56 ,122 ,40 ,94 ,0 ,35 ,3 ,4 ,41 ,24 ,4 ,68200 ,625 ,29121 ,37130 ,1697 ,67504 ,458 ,300 ,6868 ,7633 ,415 ,14700 ,269 ,32 ,86 ,1051 ,2689 ,115 ,297 ,53 ,101 ,203 ,989 ,6 ,77 ,500 ,642 ,347 ,160 ,16 ,119 ,618 ,55 ,152 ,122 ,236 ,400 ,2 ,81 ,44 ,113 ,171 ,248 ,46 ,615302 ,25262 ,27064 ,5399 ,2443 ,26114 ,1532 ,903 ,406 ,105 ,49966 ,14026 ,8235 ,2125 ,559 ,4839 ,459 ,426 ,4987 ,82 ,2478 ,6400 ,1366 ,61 ,9 ,3598 ,628 
2020/4/15,82341 ,3342 ,77892 ,9433 ,12372 ,10613 ,3699 ,76389 ,5365 ,69392 ,192 ,229 ,425 ,10 ,33 ,4777 ,1518 ,653 ,1546 ,7757 ,1034 ,1509 ,49933 ,5674 ,53 ,135073 ,99489 ,133644 ,165155 ,24493 ,180659 ,12031 ,3237 ,33573 ,14350 ,1741 ,26336 ,2192 ,6758 ,974 ,7216 ,6876 ,1400 ,28316 ,393 ,1091 ,3728 ,1727 ,93 ,12547 ,3373 ,6301 ,18091 ,673 ,666 ,3764 ,7582 ,80 ,1248 ,1579 ,1115 ,4873 ,8 ,747 ,399 ,863 ,2049 ,494 ,288 ,3840 ,12894 ,17188 ,21645 ,198 ,18812 ,1223 ,72 ,4440 ,393 ,33 ,1239 ,102 ,150 ,45 ,372 ,309 ,35 ,3145 ,36 ,30 ,36 ,8 ,3 ,444 ,69 ,166 ,599 ,33 ,6 ,108 ,286 ,1 ,61 ,134 ,42 ,99 ,0 ,36 ,3 ,6 ,46 ,25 ,4 ,72600 ,625 ,31470 ,38092 ,1989 ,70853 ,543 ,300 ,7107 ,8098 ,473 ,15400 ,269 ,32 ,98 ,1217 ,2928 ,117 ,304 ,53 ,138 ,203 ,1077 ,12 ,77 ,526 ,819 ,383 ,169 ,44 ,143 ,668 ,55 ,165 ,192 ,259 ,400 ,2 ,105 ,44 ,151 ,171 ,251 ,55 ,645361 ,28320 ,28379 ,5847 ,2571 ,30985 ,1736 ,1010 ,449 ,112 ,52738 ,14026 ,8979 ,2125 ,596 ,5136 ,469 ,446 ,5072 ,83 ,2647 ,6447 ,1386 ,63 ,9 ,3686 ,728 
2020/4/16,82692 ,4632 ,76979 ,10009 ,13434 ,10635 ,4427 ,77995 ,5825 ,74193 ,204 ,230 ,451 ,10 ,35 ,4869 ,1643 ,683 ,1580 ,7829 ,1095 ,1768 ,52229 ,7089 ,55 ,138423 ,104148 ,140772 ,168941 ,27941 ,185309 ,12704 ,3369 ,34809 ,14476 ,1791 ,26732 ,2207 ,6866 ,1081 ,7707 ,7074 ,1434 ,29383 ,426 ,1128 ,4204 ,1739 ,93 ,13271 ,3444 ,6433 ,18841 ,682 ,675 ,4161 ,7918 ,80 ,1269 ,1652 ,1178 ,5318 ,8 ,800 ,412 ,977 ,2154 ,518 ,303 ,4121 ,13759 ,17941 ,22170 ,232 ,19516 ,1358 ,75 ,4857 ,410 ,35 ,1281 ,105 ,152 ,46 ,392 ,321 ,36 ,3327 ,38 ,32 ,40 ,8 ,3 ,486 ,69 ,169 ,629 ,33 ,6 ,116 ,314 ,1 ,61 ,142 ,44 ,103 ,0 ,38 ,3 ,8 ,54 ,26 ,4 ,81800 ,625 ,33327 ,40164 ,2307 ,74797 ,551 ,1700 ,7562 ,8986 ,529 ,15900 ,269 ,32 ,121 ,1357 ,3203 ,133 ,311 ,55 ,178 ,203 ,1144 ,15 ,77 ,552 ,972 ,493 ,177 ,57 ,186 ,774 ,55 ,174 ,199 ,283 ,443 ,2 ,122 ,82 ,167 ,235 ,277 ,55 ,678210 ,30425 ,30973 ,6297 ,2669 ,34848 ,1924 ,1232 ,486 ,122 ,57844 ,14026 ,9729 ,2125 ,631 ,5516 ,496 ,548 ,5182 ,84 ,2766 ,6479 ,1401 ,63 ,9 ,3747 ,770 
2020/4/17,82719 ,4632 ,77029 ,10561 ,14354 ,10653 ,5050 ,79494 ,6302 ,78546 ,220 ,232 ,489 ,11 ,37 ,4958 ,1769 ,708 ,1657 ,7937 ,1188 ,2041 ,54064 ,8631 ,57 ,141457 ,109769 ,143116 ,172434 ,32011 ,190839 ,13338 ,3489 ,36138 ,14595 ,1814 ,27078 ,2224 ,6947 ,1117 ,8067 ,7268 ,1459 ,30619 ,435 ,1149 ,4779 ,1754 ,94 ,13980 ,3480 ,6549 ,19022 ,696 ,682 ,4662 ,8379 ,81 ,1304 ,1763 ,1214 ,5690 ,8 ,846 ,422 ,1049 ,2264 ,539 ,303 ,4381 ,14607 ,18703 ,22745 ,273 ,20002 ,1444 ,82 ,5163 ,431 ,36 ,1327 ,108 ,161 ,49 ,411 ,336 ,38 ,3471 ,39 ,33 ,42 ,9 ,3 ,530 ,72 ,173 ,657 ,35 ,6 ,125 ,332 ,1 ,66 ,156 ,46 ,110 ,0 ,41 ,3 ,9 ,56 ,26 ,5 ,83114 ,625 ,35006 ,42727 ,2593 ,74797 ,598 ,1700 ,7961 ,9704 ,600 ,16400 ,269 ,32 ,139 ,1508 ,3573 ,145 ,315 ,57 ,210 ,342 ,1224 ,20 ,77 ,579 ,1174 ,519 ,191 ,88 ,246 ,866 ,55 ,174 ,207 ,320 ,534 ,2 ,141 ,91 ,175 ,276 ,283 ,55 ,713452 ,33682 ,32857 ,6875 ,2758 ,37266 ,2141 ,1357 ,546 ,129 ,60510 ,14026 ,10559 ,2125 ,666 ,5923 ,520 ,607 ,5251 ,86 ,2967 ,6523 ,1409 ,67 ,11 ,3819 ,816 
2020/4/18,82735 ,4632 ,77062 ,11144 ,15723 ,10661 ,5992 ,80868 ,6302 ,82329 ,237 ,234 ,521 ,11 ,37 ,5031 ,1890 ,740 ,1713 ,8042 ,1188 ,2466 ,55987 ,10453 ,60 ,143986 ,115314 ,146782 ,175925 ,36796 ,194416 ,13990 ,3681 ,37183 ,14671 ,1832 ,27404 ,2235 ,7047 ,1170 ,8418 ,7438 ,1512 ,31766 ,455 ,1239 ,5297 ,1760 ,94 ,14758 ,3537 ,6654 ,19685 ,704 ,712 ,5106 ,8742 ,81 ,1317 ,1834 ,1268 ,5994 ,8 ,878 ,426 ,1089 ,2351 ,548 ,307 ,4594 ,15498 ,19349 ,23227 ,313 ,20639 ,1547 ,90 ,5453 ,443 ,39 ,1368 ,110 ,164 ,49 ,421 ,346 ,38 ,3613 ,39 ,33 ,45 ,9 ,3 ,571 ,72 ,181 ,687 ,35 ,6 ,133 ,347 ,1 ,70 ,172 ,47 ,117 ,0 ,41 ,3 ,11 ,57 ,26 ,5 ,85400 ,625 ,36587 ,44927 ,3060 ,74797 ,606 ,1700 ,8348 ,10214 ,615 ,17100 ,269 ,32 ,164 ,1730 ,4034 ,162 ,317 ,60 ,228 ,342 ,1291 ,22 ,77 ,601 ,1227 ,610 ,205 ,88 ,275 ,981 ,55 ,190 ,231 ,338 ,637 ,2 ,153 ,99 ,213 ,391 ,302 ,55 ,742067 ,36599 ,34386 ,7497 ,2839 ,39295 ,2347 ,1521 ,650 ,132 ,68285 ,14026 ,11216 ,2627 ,685 ,6248 ,535 ,631 ,5305 ,88 ,3102 ,6568 ,1422 ,69 ,11 ,4163 ,867 
2020/4/19,82747 ,4632 ,77084 ,11518 ,17615 ,10674 ,6588 ,82211 ,6781 ,86306 ,251 ,236 ,559 ,11 ,41 ,5118 ,2017 ,768 ,1803 ,8114 ,1286 ,2854 ,57023 ,11976 ,60 ,145742 ,121173 ,147844 ,178972 ,42856 ,198674 ,14510 ,3783 ,38496 ,14749 ,1871 ,27740 ,2235 ,7090 ,1207 ,8746 ,7580 ,1528 ,32838 ,461 ,1298 ,5807 ,1771 ,94 ,15251 ,3550 ,6746 ,20206 ,713 ,727 ,5449 ,9287 ,81 ,1330 ,1916 ,1285 ,6318 ,8 ,894 ,427 ,1161 ,2472 ,562 ,308 ,4699 ,16095 ,19744 ,23660 ,361 ,20852 ,1579 ,94 ,5683 ,452 ,47 ,1393 ,110 ,165 ,51 ,451 ,355 ,40 ,3697 ,39 ,36 ,47 ,9 ,3 ,610 ,73 ,186 ,714 ,36 ,6 ,141 ,360 ,1 ,74 ,189 ,49 ,122 ,0 ,42 ,3 ,12 ,67 ,26 ,5 ,88000 ,625 ,37188 ,47055 ,3294 ,77357 ,606 ,1700 ,8757 ,10501 ,709 ,17800 ,269 ,32 ,179 ,1892 ,4328 ,164 ,322 ,60 ,242 ,494 ,1291 ,22 ,77 ,627 ,1298 ,610 ,235 ,88 ,347 ,1040 ,55 ,192 ,250 ,347 ,753 ,2 ,161 ,118 ,229 ,457 ,314 ,55 ,772079 ,38654 ,36039 ,8261 ,2941 ,41187 ,2462 ,1626 ,686 ,134 ,71012 ,22130 ,11852 ,2627 ,709 ,6575 ,582 ,686 ,5389 ,89 ,3197 ,6606 ,1431 ,71 ,12 ,4230 ,912 
2020/4/20,82758 ,4632 ,77123 ,11865 ,18543 ,10683 ,8014 ,83505 ,7265 ,90980 ,276 ,237 ,592 ,11 ,43 ,5209 ,2140 ,801 ,1884 ,8213 ,1360 ,3273 ,59273 ,13430 ,61 ,147328 ,125856 ,150278 ,181228 ,47124 ,200210 ,14875 ,3868 ,39983 ,14795 ,1881 ,27944 ,2245 ,7156 ,1225 ,8936 ,7711 ,1535 ,33589 ,462 ,1326 ,6264 ,1773 ,94 ,15652 ,3558 ,6900 ,20863 ,717 ,739 ,5710 ,9593 ,81 ,1335 ,1984 ,1309 ,6630 ,9 ,929 ,431 ,1173 ,2548 ,584 ,312 ,4912 ,16550 ,20294 ,24114 ,405 ,20852 ,1635 ,98 ,5828 ,470 ,47 ,1429 ,116 ,181 ,54 ,478 ,364 ,40 ,3764 ,39 ,37 ,51 ,10 ,3 ,687 ,75 ,194 ,735 ,37 ,6 ,151 ,380 ,1 ,77 ,199 ,49 ,125 ,0 ,43 ,3 ,13 ,70 ,26 ,5 ,95200 ,625 ,38046 ,48877 ,3449 ,80587 ,618 ,2000 ,8895 ,10631 ,771 ,18600 ,577 ,32 ,200 ,2017 ,4499 ,165 ,325 ,61 ,242 ,514 ,1362 ,23 ,77 ,637 ,1559 ,610 ,248 ,88 ,359 ,1133 ,55 ,193 ,267 ,381 ,870 ,2 ,167 ,126 ,251 ,478 ,327 ,88 ,800970 ,40581 ,37933 ,8772 ,3031 ,42970 ,2575 ,1754 ,712 ,142 ,73527 ,22991 ,12747 ,2627 ,737 ,6760 ,590 ,747 ,5425 ,89 ,3295 ,6619 ,1440 ,71 ,12 ,4258 ,974 
2020/4/21,82788 ,4632 ,77151 ,12255 ,20080 ,10694 ,9125 ,84802 ,7755 ,95591 ,296 ,238 ,645 ,11 ,46 ,5297 ,2259 ,839 ,2001 ,8277 ,1443 ,3976 ,60965 ,14918 ,62 ,149005 ,130184 ,153531 ,183957 ,52766 ,204178 ,15388 ,4014 ,40956 ,14873 ,1908 ,28063 ,2401 ,7241 ,1231 ,9242 ,7891 ,1552 ,34318 ,476 ,1350 ,6723 ,1778 ,94 ,16040 ,3618 ,7033 ,21379 ,717 ,748 ,6125 ,9856 ,81 ,1344 ,2098 ,1342 ,6890 ,9 ,975 ,443 ,1199 ,2614 ,609 ,313 ,5135 ,17378 ,20829 ,24648 ,456 ,21282 ,1797 ,141 ,5998 ,491 ,48 ,1478 ,121 ,182 ,55 ,498 ,370 ,43 ,3929 ,40 ,38 ,55 ,10 ,3 ,730 ,78 ,201 ,762 ,37 ,9 ,161 ,401 ,1 ,77 ,213 ,51 ,130 ,0 ,45 ,3 ,14 ,73 ,26 ,5 ,99400 ,640 ,39842 ,51600 ,3876 ,82514 ,762 ,2000 ,9002 ,10971 ,801 ,19400 ,577 ,32 ,224 ,2153 ,4889 ,169 ,325 ,62 ,298 ,577 ,1417 ,26 ,9233 ,670 ,1753 ,917 ,282 ,133 ,367 ,1297 ,55 ,197 ,287 ,437 ,977 ,2 ,170 ,150 ,258 ,505 ,345 ,101 ,827358 ,43079 ,39405 ,9501 ,3144 ,45447 ,2741 ,1916 ,857 ,151 ,82973 ,24325 ,13190 ,5459 ,840 ,7135 ,616 ,842 ,5482 ,92 ,3349 ,6645 ,1445 ,72 ,13 ,4685 ,1006 
2020/4/22,82798 ,4632 ,77207 ,12705 ,21372 ,10702 ,10141 ,85996 ,8238 ,98674 ,312 ,240 ,681 ,12 ,52 ,5391 ,2376 ,896 ,2069 ,8411 ,1546 ,4370 ,63113 ,16477 ,62 ,151177 ,134638 ,155944 ,187327 ,58002 ,208389 ,16094 ,4129 ,41889 ,14925 ,1950 ,28268 ,2408 ,7338 ,1259 ,9710 ,8108 ,1559 ,35034 ,488 ,1370 ,7281 ,1785 ,94 ,16671 ,3654 ,7132 ,21982 ,723 ,761 ,6592 ,10169 ,81 ,1353 ,2168 ,1368 ,7114 ,9 ,1024 ,444 ,1244 ,2778 ,634 ,315 ,5385 ,18151 ,21373 ,25085 ,513 ,21717 ,1939 ,149 ,6262 ,510 ,48 ,1509 ,121 ,187 ,56 ,524 ,384 ,44 ,4069 ,40 ,38 ,58 ,10 ,3 ,769 ,80 ,208 ,785 ,37 ,11 ,174 ,426 ,1 ,79 ,225 ,53 ,134 ,0 ,49 ,3 ,14 ,76 ,27 ,5 ,103300 ,683 ,41331 ,54543 ,4423 ,85915 ,772 ,2000 ,9433 ,11328 ,869 ,19900 ,577 ,32 ,272 ,2406 ,5276 ,184 ,352 ,62 ,357 ,769 ,1462 ,27 ,9233 ,711 ,1989 ,1143 ,309 ,133 ,424 ,1513 ,55 ,205 ,295 ,460 ,1025 ,2 ,174 ,165 ,284 ,560 ,356 ,116 ,856832 ,45757 ,41663 ,10544 ,3288 ,48051 ,2906 ,2081 ,970 ,159 ,84050 ,25318 ,14490 ,5956 ,872 ,7418 ,635 ,913 ,5532 ,93 ,3452 ,6650 ,1451 ,74 ,14 ,4935 ,1036 
2020/4/23,82804 ,4632 ,77257 ,13141 ,23039 ,10708 ,11178 ,87026 ,8756 ,101790 ,341 ,240 ,721 ,12 ,56 ,5481 ,2491 ,924 ,3053 ,8501 ,1637 ,5012 ,64843 ,18491 ,63 ,153643 ,139246 ,158183 ,189973 ,62776 ,213024 ,16834 ,4284 ,42797 ,15002 ,1981 ,28496 ,2463 ,7401 ,1300 ,10096 ,8271 ,1592 ,35921 ,501 ,1398 ,8022 ,1789 ,94 ,17607 ,3665 ,7187 ,22353 ,723 ,778 ,7170 ,10511 ,81 ,1366 ,2284 ,1413 ,7276 ,9 ,1097 ,445 ,1325 ,2926 ,663 ,316 ,5616 ,18791 ,21889 ,25549 ,555 ,22157 ,2036 ,172 ,6490 ,522 ,50 ,1551 ,125 ,194 ,56 ,545 ,394 ,45 ,4192 ,40 ,40 ,60 ,10 ,4 ,794 ,83 ,210 ,820 ,37 ,11 ,187 ,454 ,1 ,79 ,239 ,54 ,139 ,0 ,52 ,3 ,15 ,80 ,27 ,5 ,106800 ,717 ,42773 ,57576 ,4894 ,89250 ,976 ,2000 ,9800 ,11694 ,883 ,20600 ,577 ,32 ,301 ,2478 ,5573 ,192 ,353 ,63 ,399 ,938 ,1509 ,35 ,9233 ,728 ,2152 ,1201 ,333 ,133 ,504 ,1740 ,55 ,211 ,390 ,485 ,1063 ,2 ,190 ,204 ,288 ,661 ,385 ,123 ,891650 ,49492 ,43299 ,11633 ,3435 ,50451 ,3313 ,2241 ,1069 ,165 ,85922 ,26573 ,14761 ,6437 ,919 ,7775 ,647 ,960 ,5603 ,95 ,3542 ,6661 ,1451 ,76 ,16 ,5045 ,1065 
2020/4/24,82816 ,4632 ,77346 ,13575 ,24447 ,10718 ,12075 ,88194 ,9281 ,104912 ,358 ,240 ,780 ,12 ,64 ,5574 ,2600 ,956 ,3181 ,8635 ,1760 ,5496 ,66599 ,21737 ,64 ,155596 ,144640 ,159828 ,192994 ,68625 ,219764 ,17679 ,4395 ,44293 ,15071 ,2009 ,28677 ,2490 ,7463 ,1326 ,10417 ,8408 ,1605 ,36727 ,513 ,1410 ,8773 ,1789 ,94 ,18184 ,3695 ,7273 ,22797 ,731 ,784 ,7647 ,10892 ,82 ,1373 ,2383 ,1421 ,7483 ,9 ,1188 ,447 ,1360 ,3110 ,678 ,319 ,5837 ,19567 ,22279 ,25969 ,615 ,22524 ,2159 ,177 ,6679 ,530 ,51 ,1589 ,130 ,199 ,57 ,567 ,403 ,46 ,4304 ,40 ,40 ,63 ,10 ,4 ,1014 ,85 ,214 ,854 ,40 ,12 ,193 ,494 ,1 ,80 ,250 ,55 ,144 ,0 ,54 ,3 ,17 ,87 ,27 ,6 ,109800 ,749 ,44271 ,60498 ,5571 ,92355 ,1011 ,2500 ,10122 ,11872 ,982 ,21000 ,577 ,32 ,337 ,2817 ,5715 ,206 ,353 ,64 ,430 ,1120 ,1542 ,41 ,9233 ,3007 ,2371 ,1228 ,344 ,267 ,601 ,1944 ,55 ,211 ,401 ,538 ,1094 ,2 ,193 ,223 ,355 ,755 ,394 ,123 ,928657 ,52995 ,44919 ,12872 ,3607 ,52488 ,3670 ,2402 ,1221 ,176 ,110432 ,27655 ,15541 ,7149 ,976 ,8211 ,689 ,1002 ,5691 ,96 ,3663 ,6675 ,1456 ,79 ,17 ,5122 ,1095 
2020/4/25,82827 ,4632 ,77394 ,13943 ,26283 ,10728 ,12693 ,89328 ,9813 ,107773 ,373 ,242 ,825 ,12 ,71 ,5650 ,2706 ,1002 ,3311 ,8717 ,1887 ,5939 ,68193 ,25582 ,64 ,157431 ,149569 ,161488 ,195351 ,74591 ,223759 ,18273 ,4475 ,45325 ,15148 ,2016 ,28894 ,2506 ,7499 ,1367 ,10635 ,8643 ,1635 ,37384 ,513 ,1426 ,9590 ,1790 ,94 ,18561 ,3711 ,7352 ,23392 ,738 ,804 ,8125 ,11273 ,82 ,1388 ,2443 ,1486 ,7779 ,9 ,1247 ,448 ,1373 ,3304 ,712 ,320 ,5970 ,20381 ,22648 ,26384 ,681 ,22902 ,2201 ,186 ,6917 ,536 ,54 ,1599 ,130 ,201 ,59 ,601 ,418 ,46 ,4424 ,40 ,41 ,67 ,10 ,4 ,1063 ,85 ,218 ,880 ,40 ,12 ,201 ,524 ,1 ,81 ,262 ,58 ,151 ,0 ,55 ,4 ,17 ,94 ,27 ,6 ,109800 ,774 ,45372 ,63120 ,6253 ,95708 ,1020 ,2500 ,10417 ,12103 ,1034 ,21300 ,577 ,32 ,374 ,2890 ,5858 ,228 ,353 ,64 ,460 ,1573 ,1570 ,42 ,9233 ,3088 ,2453 ,1277 ,358 ,267 ,782 ,2126 ,55 ,219 ,458 ,592 ,1152 ,2 ,197 ,249 ,386 ,825 ,403 ,153 ,960896 ,58509 ,46371 ,13842 ,3780 ,54265 ,4016 ,2571 ,1305 ,185 ,118162 ,29160 ,16425 ,7739 ,1030 ,8607 ,720 ,1042 ,5742 ,98 ,3762 ,6695 ,1461 ,80 ,18 ,5530 ,1118 
2020/4/26,82830 ,4633 ,77474 ,14153 ,27890 ,10738 ,13624 ,90481 ,10349 ,110130 ,385 ,243 ,881 ,12 ,76 ,5710 ,2805 ,1060 ,3464 ,8764 ,1978 ,6523 ,69657 ,29140 ,64 ,158247 ,154040 ,162100 ,197675 ,80952 ,226629 ,18759 ,4576 ,46134 ,15225 ,2030 ,29061 ,2517 ,7511 ,1386 ,11036 ,8773 ,1643 ,38040 ,538 ,1438 ,10463 ,1792 ,94 ,19262 ,3723 ,7404 ,23864 ,740 ,812 ,8617 ,11617 ,82 ,1396 ,2500 ,1516 ,8042 ,9 ,1300 ,448 ,1379 ,3408 ,726 ,321 ,6046 ,20795 ,22890 ,26644 ,747 ,23190 ,2209 ,190 ,7094 ,542 ,55 ,1610 ,134 ,201 ,61 ,619 ,422 ,49 ,4491 ,41 ,41 ,72 ,10 ,4 ,1087 ,88 ,220 ,903 ,40 ,12 ,209 ,535 ,1 ,82 ,272 ,59 ,156 ,0 ,56 ,4 ,18 ,96 ,28 ,7 ,114500 ,787 ,45683 ,64928 ,6770 ,117727 ,1046 ,2500 ,10785 ,12282 ,1103 ,21800 ,577 ,32 ,500 ,3054 ,5994 ,233 ,368 ,64 ,467 ,1695 ,1608 ,42 ,9233 ,3104 ,2545 ,1329 ,374 ,267 ,840 ,2265 ,55 ,221 ,485 ,628 ,1182 ,2 ,205 ,282 ,394 ,895 ,410 ,153 ,987581 ,61888 ,48033 ,14677 ,3892 ,55513 ,4205 ,2687 ,1351 ,192 ,118781 ,30152 ,17322 ,8354 ,1107 ,8882 ,754 ,1107 ,5780 ,98 ,3862 ,6711 ,1464 ,83 ,18 ,5541 ,1142 
2020/4/27,82836 ,4633 ,77555 ,14325 ,29458 ,10752 ,14423 ,91472 ,10839 ,112261 ,407 ,244 ,939 ,14 ,82 ,5806 ,2900 ,1095 ,3554 ,8854 ,2090 ,7137 ,70933 ,33791 ,64 ,159103 ,158353 ,163273 ,199414 ,87150 ,229422 ,19037 ,4695 ,46687 ,15274 ,2039 ,29164 ,2534 ,7554 ,1399 ,11339 ,8896 ,1647 ,38440 ,538 ,1449 ,11289 ,1792 ,95 ,19648 ,3729 ,7445 ,24027 ,743 ,818 ,9009 ,11902 ,82 ,1402 ,2583 ,1565 ,8275 ,9 ,1363 ,450 ,1381 ,3481 ,736 ,321 ,6192 ,21157 ,23327 ,26977 ,794 ,23521 ,2289 ,193 ,7207 ,549 ,59 ,1665 ,136 ,205 ,65 ,641 ,427 ,50 ,4534 ,41 ,41 ,75 ,10 ,4 ,1102 ,88 ,223 ,928 ,40 ,13 ,220 ,562 ,1 ,83 ,280 ,60 ,162 ,0 ,58 ,4 ,18 ,102 ,28 ,7 ,114500 ,818 ,46303 ,66624 ,7349 ,120832 ,1114 ,2500 ,10878 ,12362 ,1166 ,22200 ,577 ,32 ,553 ,3141 ,6150 ,233 ,368 ,64 ,474 ,1740 ,1624 ,42 ,9233 ,3123 ,2826 ,1357 ,385 ,267 ,864 ,2466 ,55 ,221 ,498 ,659 ,1209 ,2 ,206 ,286 ,403 ,925 ,422 ,189 ,1011878 ,66501 ,49616 ,15529 ,4003 ,56803 ,4543 ,2841 ,1434 ,197 ,139162 ,31142 ,18268 ,9086 ,1140 ,9096 ,765 ,1151 ,5820 ,99 ,3957 ,6721 ,1469 ,83 ,19 ,5588 ,1180 
2020/4/28,82858 ,4633 ,77578 ,14606 ,31360 ,10761 ,14951 ,92584 ,11380 ,114653 ,426 ,246 ,1008 ,14 ,89 ,5877 ,2992 ,1128 ,3838 ,8922 ,2181 ,7747 ,72439 ,38809 ,64 ,160483 ,162351 ,165911 ,201505 ,93561 ,232128 ,19739 ,4740 ,47334 ,15357 ,2047 ,29264 ,2566 ,7626 ,1421 ,11616 ,9049 ,1660 ,38612 ,553 ,1344 ,12208 ,1795 ,95 ,19877 ,3741 ,7504 ,24322 ,743 ,836 ,9410 ,12218 ,82 ,1408 ,2649 ,1585 ,8497 ,10 ,1399 ,458 ,1384 ,3638 ,750 ,321 ,6389 ,21745 ,23694 ,27359 ,867 ,23822 ,2380 ,199 ,7331 ,569 ,63 ,1699 ,138 ,206 ,71 ,663 ,434 ,50 ,4582 ,41 ,44 ,79 ,10 ,4 ,1159 ,89 ,227 ,948 ,41 ,13 ,239 ,596 ,1 ,86 ,291 ,63 ,168 ,0 ,58 ,4 ,20 ,107 ,30 ,7 ,120400 ,837 ,47775 ,68941 ,8459 ,123903 ,1160 ,2800 ,10943 ,12580 ,1232 ,22600 ,577 ,32 ,589 ,3404 ,6313 ,236 ,370 ,64 ,536 ,1993 ,1636 ,50 ,9233 ,3123 ,2948 ,1389 ,398 ,267 ,992 ,2655 ,55 ,223 ,516 ,682 ,1260 ,2 ,222 ,303 ,423 ,975 ,431 ,199 ,1036657 ,71886 ,51150 ,16752 ,4127 ,59266 ,5017 ,2983 ,1569 ,207 ,142238 ,32544 ,19231 ,9854 ,1162 ,9511 ,773 ,1254 ,5851 ,100 ,4032 ,6731 ,1472 ,88 ,19 ,5630 ,1214 
2020/4/29,82862 ,4633 ,77610 ,14829 ,33065 ,10765 ,15641 ,93657 ,11929 ,117589 ,448 ,247 ,1079 ,14 ,98 ,5957 ,3081 ,1188 ,4025 ,9059 ,2329 ,8429 ,73791 ,44040 ,69 ,162091 ,166441 ,166420 ,203591 ,99402 ,236899 ,20384 ,4906 ,47859 ,15402 ,2062 ,29407 ,2576 ,7680 ,1442 ,11978 ,9206 ,1666 ,38998 ,563 ,1375 ,13181 ,1797 ,95 ,20253 ,3769 ,7579 ,24505 ,743 ,849 ,9866 ,12640 ,82 ,1418 ,2727 ,1677 ,8724 ,10 ,1447 ,463 ,1391 ,3771 ,766 ,322 ,6573 ,26166 ,24121 ,27682 ,972 ,24275 ,2474 ,206 ,7501 ,580 ,67 ,1716 ,139 ,207 ,73 ,693 ,443 ,50 ,4727 ,41 ,45 ,84 ,10 ,4 ,1190 ,89 ,227 ,973 ,42 ,15 ,250 ,624 ,1 ,89 ,300 ,65 ,173 ,0 ,64 ,4 ,22 ,111 ,30 ,7 ,123500 ,857 ,49118 ,71252 ,10289 ,132929 ,1180 ,2800 ,11283 ,12779 ,1288 ,22600 ,577 ,32 ,627 ,3569 ,6558 ,236 ,370 ,69 ,563 ,2072 ,1656 ,58 ,13386 ,3134 ,3108 ,1470 ,423 ,348 ,1103 ,3025 ,55 ,230 ,536 ,720 ,1292 ,2 ,243 ,339 ,484 ,1114 ,455 ,203 ,1065998 ,78162 ,52865 ,17799 ,4285 ,61669 ,5466 ,3155 ,1732 ,214 ,147411 ,34132 ,20327 ,10623 ,1192 ,9771 ,784 ,1391 ,5945 ,100 ,4087 ,6746 ,1474 ,90 ,19 ,5670 ,1229 
2020/4/30,82874 ,4633 ,77642 ,15017 ,34866 ,10774 ,16169 ,94640 ,12481 ,120204 ,470 ,248 ,1154 ,15 ,105 ,6028 ,3174 ,1244 ,4117 ,9072 ,2429 ,9059 ,75103 ,48886 ,78 ,163692 ,172481 ,167178 ,205463 ,106501 ,239369 ,21200 ,4995 ,48519 ,15452 ,2076 ,29586 ,2591 ,7770 ,1465 ,12240 ,9356 ,1689 ,39512 ,569 ,1385 ,14027 ,1797 ,95 ,20612 ,3784 ,7682 ,25045 ,745 ,858 ,10406 ,12877 ,82 ,1429 ,2775 ,1757 ,9009 ,11 ,1506 ,465 ,1396 ,3897 ,773 ,322 ,6745 ,26842 ,24410 ,27967 ,1073 ,24543 ,2603 ,211 ,7594 ,584 ,69 ,1737 ,140 ,210 ,77 ,717 ,452 ,52 ,4811 ,41 ,45 ,89 ,10 ,4 ,1232 ,90 ,236 ,989 ,42 ,15 ,261 ,644 ,1 ,91 ,312 ,69 ,179 ,0 ,66 ,4 ,23 ,119 ,31 ,7 ,123500 ,872 ,50380 ,75945 ,11622 ,137984 ,1302 ,3000 ,11576 ,12907 ,1348 ,23400 ,1374 ,32 ,738 ,4017 ,6741 ,249 ,378 ,78 ,589 ,2386 ,1670 ,64 ,13386 ,3213 ,3314 ,1519 ,468 ,348 ,1238 ,3236 ,55 ,233 ,581 ,727 ,1343 ,2 ,266 ,351 ,524 ,1182 ,470 ,214 ,1097415 ,85380 ,54458 ,19224 ,4428 ,63871 ,5901 ,3310 ,1859 ,218 ,155737 ,35935 ,21424 ,11453 ,1256 ,10118 ,792 ,1522 ,6002 ,102 ,4171 ,6754 ,1476 ,92 ,19 ,5717 ,1241 
2020/5/1,82875 ,4633 ,77685 ,15282 ,37262 ,10780 ,17101 ,95646 ,13038 ,122392 ,499 ,250 ,1223 ,16 ,111 ,6091 ,3258 ,1268 ,4632 ,9123 ,2543 ,10020 ,76318 ,53808 ,82 ,164797 ,178685 ,167346 ,207428 ,114434 ,242988 ,21644 ,5051 ,49032 ,15531 ,2085 ,29705 ,2612 ,7783 ,1494 ,12567 ,9509 ,1694 ,39989 ,580 ,1399 ,14917 ,1798 ,95 ,20833 ,3802 ,7737 ,25190 ,745 ,870 ,10861 ,13105 ,82 ,1434 ,2863 ,1781 ,9205 ,11 ,1555 ,467 ,1403 ,3980 ,782 ,322 ,6870 ,27583 ,24628 ,28236 ,1169 ,24824 ,2667 ,218 ,7703 ,589 ,75 ,1754 ,140 ,210 ,81 ,744 ,460 ,52 ,4909 ,41 ,45 ,93 ,10 ,4 ,1265 ,92 ,240 ,1007 ,43 ,16 ,272 ,651 ,1 ,93 ,323 ,70 ,185 ,0 ,68 ,4 ,23 ,122 ,31 ,7 ,126900 ,892 ,51124 ,78249 ,13223 ,142450 ,1318 ,3000 ,11892 ,13110 ,1421 ,23900 ,1374 ,32 ,807 ,4328 ,6924 ,253 ,391 ,82 ,594 ,2918 ,1689 ,73 ,13386 ,3213 ,3372 ,1647 ,468 ,348 ,1413 ,3491 ,55 ,233 ,609 ,755 ,1379 ,2 ,276 ,367 ,558 ,1272 ,488 ,233 ,1132295 ,91589 ,56344 ,20739 ,4532 ,65776 ,6329 ,3537 ,1972 ,225 ,164015 ,38039 ,22764 ,12377 ,1292 ,10551 ,800 ,1591 ,6071 ,103 ,4210 ,6767 ,1479 ,93 ,19 ,5747 ,1252 
2020/5/2,82877 ,4633 ,77713 ,15587 ,39829 ,10793 ,17548 ,96448 ,13599 ,124375 ,530 ,250 ,1323 ,17 ,119 ,6156 ,3336 ,1347 ,4862 ,9183 ,2664 ,10842 ,77350 ,58259 ,83 ,165610 ,183500 ,168518 ,209328 ,124057 ,245567 ,22168 ,5176 ,49517 ,15558 ,2088 ,29817 ,2620 ,7801 ,1506 ,12732 ,9605 ,1699 ,40434 ,580 ,1406 ,15828 ,1798 ,95 ,21176 ,3812 ,7755 ,25190 ,747 ,871 ,11411 ,13375 ,82 ,1439 ,2942 ,1839 ,9362 ,11 ,1594 ,468 ,1407 ,4052 ,789 ,322 ,6937 ,28204 ,24794 ,28710 ,1222 ,25100 ,2685 ,220 ,7765 ,596 ,77 ,1762 ,143 ,211 ,82 ,771 ,475 ,53 ,5003 ,41 ,46 ,97 ,10 ,4 ,1286 ,92 ,245 ,1023 ,44 ,16 ,279 ,664 ,1 ,96 ,335 ,72 ,189 ,0 ,72 ,4 ,24 ,124 ,31 ,8 ,130600 ,893 ,51474 ,79914 ,15016 ,146233 ,1355 ,3000 ,12211 ,13180 ,1463 ,24200 ,1374 ,32 ,852 ,4547 ,7084 ,256 ,391 ,83 ,632 ,3117 ,1706 ,78 ,13386 ,3318 ,3461 ,1671 ,472 ,348 ,1498 ,3762 ,55 ,241 ,625 ,779 ,1426 ,2 ,287 ,379 ,608 ,1334 ,519 ,245 ,1160838 ,96559 ,57928 ,22088 ,4681 ,67448 ,6750 ,3684 ,2061 ,237 ,175382 ,40937 ,23814 ,13447 ,1320 ,10843 ,831 ,1665 ,6176 ,103 ,4326 ,6783 ,1485 ,93 ,20 ,5796 ,1263 
2020/5/3,82880 ,4633 ,77766 ,15788 ,42546 ,10801 ,18205 ,97424 ,14163 ,126045 ,549 ,252 ,1391 ,18 ,126 ,6203 ,3397 ,1408 ,5036 ,9217 ,2763 ,11782 ,78422 ,63151 ,86 ,166320 ,187842 ,168925 ,210717 ,134690 ,247122 ,22420 ,5254 ,49906 ,15597 ,2096 ,29905 ,2626 ,7847 ,1511 ,13163 ,9721 ,1700 ,40769 ,582 ,1410 ,16705 ,1799 ,95 ,21506 ,3824 ,7781 ,25282 ,748 ,879 ,11913 ,13693 ,82 ,1439 ,2998 ,1857 ,9464 ,11 ,1618 ,477 ,1408 ,4121 ,795 ,322 ,7003 ,28520 ,24929 ,28884 ,1280 ,25264 ,2698 ,230 ,7844 ,598 ,79 ,1764 ,144 ,213 ,84 ,790 ,484 ,55 ,5072 ,41 ,46 ,99 ,10 ,4 ,1303 ,96 ,248 ,1043 ,45 ,16 ,288 ,678 ,1 ,96 ,340 ,77 ,193 ,0 ,73 ,4 ,24 ,125 ,31 ,8 ,132700 ,901 ,51696 ,81654 ,16642 ,148558 ,1543 ,3000 ,12309 ,13228 ,1489 ,24500 ,1374 ,32 ,945 ,4869 ,7183 ,259 ,391 ,86 ,635 ,3196 ,1717 ,78 ,13386 ,3379 ,3587 ,1689 ,493 ,348 ,1548 ,3945 ,55 ,241 ,629 ,825 ,1551 ,2 ,308 ,392 ,619 ,1382 ,531 ,249 ,1188421 ,101147 ,60505 ,23471 ,4783 ,68602 ,7025 ,3795 ,2154 ,246 ,180152 ,42991 ,24921 ,14384 ,1354 ,11192 ,845 ,1876 ,6298 ,105 ,4413 ,6801 ,1486 ,95 ,20 ,5817 ,1266 
2020/5/4,82881 ,4633 ,77853 ,15965 ,46437 ,10804 ,18778 ,98647 ,14730 ,127659 ,569 ,254 ,1566 ,18 ,137 ,6277 ,3461 ,1457 ,5147 ,9283 ,2966 ,12847 ,79379 ,68166 ,86 ,166607 ,191832 ,169583 ,211938 ,145271 ,248301 ,22792 ,5327 ,50267 ,15621 ,2101 ,29981 ,2632 ,7904 ,1518 ,13512 ,9868 ,1703 ,40968 ,582 ,1419 ,17489 ,1799 ,95 ,21772 ,3828 ,7819 ,25524 ,750 ,896 ,12331 ,14006 ,82 ,1439 ,3035 ,1926 ,9557 ,11 ,1652 ,480 ,1413 ,4248 ,803 ,323 ,7110 ,28809 ,25237 ,29079 ,1356 ,25428 ,2785 ,240 ,7924 ,600 ,80 ,1784 ,146 ,214 ,85 ,818 ,493 ,55 ,5099 ,41 ,46 ,103 ,10 ,4 ,1319 ,96 ,252 ,1063 ,45 ,16 ,303 ,698 ,1 ,97 ,351 ,78 ,197 ,0 ,78 ,4 ,25 ,132 ,31 ,8 ,135100 ,910 ,52407 ,82879 ,18098 ,151633 ,4074 ,3500 ,12378 ,13316 ,1522 ,25200 ,1374 ,32 ,992 ,5269 ,7284 ,259 ,391 ,86 ,638 ,3259 ,1723 ,78 ,13386 ,3405 ,3807 ,1712 ,499 ,348 ,1619 ,4095 ,55 ,241 ,630 ,855 ,1574 ,2 ,321 ,399 ,643 ,1423 ,543 ,253 ,1212955 ,107780 ,61957 ,24905 ,4887 ,69925 ,7321 ,4003 ,2271 ,260 ,188068 ,45815 ,26030 ,15938 ,1442 ,11587 ,864 ,1954 ,6353 ,105 ,4484 ,6825 ,1486 ,96 ,20 ,5863 ,1276 
2020/5/5,82883 ,4633 ,77911 ,16086 ,49405 ,10806 ,19410 ,99970 ,15192 ,129491 ,579 ,255 ,1694 ,18 ,146 ,6340 ,3520 ,1519 ,5238 ,9333 ,3153 ,14140 ,80475 ,73285 ,92 ,167665 ,196243 ,170694 ,213013 ,155373 ,250561 ,23334 ,5412 ,50509 ,15650 ,2112 ,30009 ,2642 ,7955 ,1526 ,13837 ,10019 ,1711 ,41286 ,589 ,1423 ,18350 ,1799 ,95 ,21983 ,3840 ,7896 ,25702 ,751 ,896 ,12697 ,14431 ,82 ,1445 ,3065 ,1946 ,9677 ,11 ,1704 ,482 ,1421 ,4363 ,820 ,324 ,7244 ,29501 ,25537 ,29315 ,1451 ,25613 ,2876 ,246 ,8016 ,606 ,83 ,1795 ,146 ,215 ,86 ,841 ,503 ,55 ,5185 ,41 ,46 ,107 ,10 ,4 ,1339 ,96 ,257 ,1074 ,46 ,17 ,316 ,716 ,1 ,98 ,363 ,79 ,200 ,0 ,80 ,5 ,25 ,136 ,31 ,8 ,135278 ,929 ,52853 ,85231 ,19868 ,154718 ,4786 ,3500 ,12441 ,13462 ,1560 ,25400 ,1374 ,32 ,1013 ,5454 ,7492 ,261 ,393 ,92 ,678 ,3771 ,1733 ,81 ,13386 ,3412 ,4006 ,1743 ,514 ,348 ,1875 ,4280 ,55 ,244 ,709 ,911 ,1723 ,2 ,342 ,403 ,741 ,1544 ,570 ,253 ,1237761 ,114715 ,63215 ,26025 ,5020 ,72275 ,7921 ,4190 ,2507 ,264 ,200669 ,48221 ,27006 ,16810 ,1472 ,12071 ,872 ,2197 ,6383 ,106 ,4567 ,6849 ,1486 ,96 ,20 ,5889 ,1302 
2020/5/6,82885 ,4633 ,77957 ,16191 ,53007 ,10810 ,20198 ,101650 ,15738 ,131744 ,590 ,256 ,1785 ,20 ,157 ,6418 ,3584 ,1634 ,5569 ,9419 ,3359 ,15301 ,81587 ,78202 ,97 ,168852 ,202359 ,174224 ,214457 ,165932 ,253682 ,24019 ,5573 ,50781 ,15684 ,2119 ,30060 ,2663 ,7996 ,1539 ,14107 ,10136 ,1713 ,41518 ,608 ,1428 ,19255 ,1799 ,95 ,22248 ,3851 ,7974 ,26182 ,751 ,900 ,13184 ,14740 ,82 ,1448 ,3111 ,1987 ,9791 ,12 ,1778 ,484 ,1429 ,4476 ,832 ,324 ,7403 ,30150 ,25812 ,29684 ,1537 ,25857 ,2960 ,252 ,8339 ,608 ,85 ,1805 ,147 ,216 ,88 ,864 ,506 ,55 ,5221 ,41 ,48 ,112 ,10 ,4 ,1375 ,98 ,262 ,1089 ,46 ,17 ,327 ,733 ,1 ,99 ,373 ,86 ,203 ,0 ,84 ,5 ,25 ,143 ,31 ,8 ,139900 ,934 ,54081 ,93245 ,21330 ,159359 ,4876 ,3500 ,12731 ,13639 ,1601 ,25700 ,1374 ,32 ,1057 ,5788 ,7689 ,264 ,401 ,97 ,718 ,4388 ,1750 ,82 ,17110 ,3452 ,4205 ,2076 ,521 ,464 ,2097 ,4655 ,55 ,246 ,759 ,928 ,1971 ,2 ,360 ,407 ,762 ,1658 ,595 ,261 ,1263224 ,125218 ,64694 ,27634 ,5208 ,74809 ,8536 ,4366 ,2704 ,273 ,213109 ,51370 ,28184 ,17781 ,1524 ,12438 ,895 ,2317 ,6428 ,107 ,4702 ,6875 ,1488 ,97 ,21 ,5986 ,1316 
2020/5/7,82886 ,4633 ,77993 ,16287 ,56351 ,10822 ,20939 ,103135 ,16240 ,133721 ,603 ,256 ,1889 ,20 ,165 ,6486 ,3641 ,1712 ,5797 ,9484 ,3572 ,16776 ,82744 ,82984 ,106 ,170134 ,207977 ,174918 ,215858 ,177163 ,256855 ,24727 ,5673 ,51420 ,15752 ,2125 ,30126 ,2678 ,8034 ,1572 ,14499 ,10281 ,1720 ,41973 ,622 ,1433 ,20168 ,1801 ,95 ,22385 ,3859 ,8031 ,26715 ,752 ,909 ,13691 ,15047 ,82 ,1449 ,3150 ,2027 ,9848 ,12 ,1829 ,486 ,1445 ,4605 ,842 ,324 ,7511 ,30689 ,25990 ,29958 ,1625 ,26070 ,3058 ,255 ,8415 ,609 ,86 ,1810 ,148 ,217 ,89 ,888 ,514 ,56 ,5306 ,41 ,49 ,116 ,10 ,4 ,1403 ,100 ,270 ,1105 ,47 ,18 ,340 ,755 ,1 ,99 ,383 ,90 ,206 ,0 ,84 ,5 ,26 ,145 ,31 ,8 ,141700 ,970 ,55191 ,96276 ,23806 ,163919 ,4971 ,3500 ,12980 ,13698 ,1641 ,25900 ,1374 ,32 ,1079 ,6144 ,7907 ,273 ,402 ,106 ,739 ,5067 ,1755 ,82 ,17110 ,3505 ,4371 ,2258 ,526 ,464 ,2396 ,4862 ,55 ,247 ,801 ,954 ,2160 ,2 ,384 ,413 ,806 ,1747 ,605 ,265 ,1292850 ,135106 ,66201 ,29616 ,5371 ,76938 ,9146 ,4541 ,2961 ,282 ,217251 ,55350 ,29260 ,18853 ,1601 ,12776 ,930 ,2381 ,6467 ,107 ,4776 ,6896 ,1489 ,97 ,21 ,6038 ,1332 
2020/5/8,82887 ,4633 ,78046 ,16375 ,59914 ,10840 ,21707 ,104691 ,16793 ,135569 ,619 ,256 ,1986 ,20 ,174 ,6541 ,3689 ,2040 ,6557 ,9568 ,3837 ,17887 ,83837 ,86396 ,114 ,171295 ,212629 ,176209 ,217185 ,187862 ,260117 ,25397 ,5738 ,52011 ,15774 ,2161 ,30207 ,2691 ,8070 ,1586 ,14811 ,10416 ,1725 ,42292 ,623 ,1436 ,21101 ,1801 ,95 ,22541 ,3871 ,8077 ,27268 ,752 ,928 ,14195 ,15366 ,82 ,1450 ,3178 ,2070 ,9943 ,12 ,1872 ,489 ,1455 ,4728 ,850 ,324 ,7608 ,31315 ,26233 ,30201 ,1723 ,26299 ,3191 ,260 ,8521 ,614 ,86 ,1823 ,150 ,218 ,90 ,923 ,522 ,56 ,5377 ,41 ,49 ,121 ,10 ,4 ,1429 ,100 ,273 ,1114 ,47 ,18 ,361 ,776 ,1 ,100 ,392 ,98 ,209 ,0 ,86 ,5 ,26 ,150 ,31 ,8 ,143300 ,994 ,55893 ,99023 ,26611 ,168408 ,5248 ,4000 ,13201 ,13836 ,1689 ,26100 ,1374 ,32 ,1099 ,6423 ,8125 ,704 ,404 ,114 ,765 ,5484 ,1765 ,82 ,17110 ,3526 ,4413 ,2422 ,537 ,464 ,2706 ,5184 ,55 ,252 ,865 ,960 ,2453 ,2 ,401 ,419 ,905 ,1826 ,620 ,267 ,1322163 ,145328 ,67674 ,31522 ,5611 ,78616 ,9897 ,4697 ,3160 ,293 ,223749 ,59297 ,30406 ,20314 ,1659 ,13112 ,943 ,2494 ,6535 ,107 ,4864 ,6914 ,1490 ,97 ,21 ,6084 ,1347 
2020/5/9,82901 ,4633 ,78120 ,16490 ,62866 ,10874 ,22460 ,106220 ,17417 ,137115 ,637 ,256 ,2102 ,20 ,185 ,6589 ,3739 ,2296 ,8778 ,9610 ,4295 ,19301 ,85064 ,89480 ,126 ,171831 ,216525 ,176782 ,218268 ,198679 ,262783 ,25981 ,5880 ,52596 ,15833 ,2176 ,30251 ,2710 ,8099 ,1622 ,15131 ,10517 ,1733 ,42581 ,637 ,1444 ,22052 ,1801 ,96 ,22760 ,3877 ,8095 ,27406 ,754 ,930 ,14710 ,15651 ,82 ,1454 ,3213 ,2090 ,10032 ,12 ,1921 ,490 ,1455 ,4867 ,856 ,324 ,7644 ,31662 ,26313 ,30395 ,1827 ,26478 ,3228 ,265 ,8581 ,615 ,87 ,1830 ,151 ,219 ,91 ,939 ,526 ,60 ,5441 ,41 ,49 ,126 ,10 ,4 ,1446 ,101 ,276 ,1126 ,48 ,18 ,376 ,785 ,1 ,101 ,405 ,102 ,213 ,0 ,90 ,5 ,26 ,161 ,31 ,8 ,143370 ,1001 ,56148 ,103031 ,31919 ,173157 ,5256 ,4000 ,13411 ,13928 ,1726 ,26400 ,1374 ,32 ,1112 ,6912 ,8291 ,747 ,404 ,126 ,828 ,6050 ,1773 ,82 ,17110 ,3550 ,4447 ,2499 ,545 ,464 ,2909 ,5437 ,55 ,255 ,904 ,1059 ,2732 ,2 ,422 ,427 ,919 ,1925 ,627 ,274 ,1347309 ,156061 ,68918 ,33460 ,5776 ,80037 ,10656 ,4823 ,3353 ,300 ,238078 ,61685 ,31262 ,21824 ,1728 ,13645 ,959 ,2607 ,6589 ,108 ,4929 ,6929 ,1492 ,97 ,21 ,6137 ,1368 